X3xbfp_5hpf_16_aug_2016	X3xbfp_5hpf_21_july_2016	X3xbfp_5hpf_26_july_2016	mesp_lacz_10hpf_21_april	mesp_lacz_10hpf_2_june	lacz1_22_3	lacz_8_3	mesp_dnfgfr_10hpf_26_april	mesp_dnfgfr_10hpf_23_3_17	mesp_mekmut_10hpf_14_june	mesp_mekmut_10hpf_3_june_2016	foxf_22_2	foxf_23_3	ngn1_23_3	ngn_22_3	dnfgfr_15hpf_30apr	dnfgfr_18hpf_4jun	handr_dnfgfr_18hpf_10_6	handr_dnfgfr_18hpf_12_9_600cells	dn_20hpf_9_11_june	ef1_alpha_16_june	ef1_alpha_2_june	gfp_5000_27_2	gfp_10hpf_28_april	gfp_15hpf_23_04_15	gfp_15hpf_30apr	gfp18	gfp1_18hpf_12_8	gfp2_18hpf_12_08	gfp21	lacz_15hpf_30apr	lacz_18hpf_14_may	lacz_18hpf_19_may	handr_lacz_18hpf_10_6	handr_lacz_18hpf_12_08	lacz21	handr_mekmut1_18hpf_12_13	handr_mekmut2_18hpf_12_13
KY2019:KY.Chr1.10	8330	7646	14369	25704	14267	8677	16076	13685	2757	20576	27028	25741	3612	26203	29452	2795	3152	4522	4157	7677	21472	3741	5115	19207	2245	3454	8629	3717	22417	14801	7741	12079	1863	10971	3310	7048	49793	25349
KY2019:KY.Chr1.1031;KY2019:KY.Chr4.747;KY2019:KY.Chr6.505;KY2019:KY.Chr6.499;KY2019:KY.Chr6.506;KY2019:KY.Chr6.500;KY2019:KY.Chr5.873	2327	2699	4943	8172	4481	2581	4927	4128	863	5450	6797	7561	1112	7996	9461	850	942	1447	1361	2358	6856	1233	1454	5897	635	1038	2444	904	6083	4188	2389	3680	556	3051	1011	2131	11052	5712
KY2019:KY.Chr1.1124	2795	3019	6316	8793	5238	3669	6018	5290	1197	6643	8818	10246	1356	9636	11449	1015	1149	1923	1989	3434	8751	1531	3359	8918	1670	2049	5900	3207	14259	9157	2992	5076	755	3661	1405	2867	13926	7434
KY2019:KY.Chr1.1136	4404	5444	8945	18202	10344	6705	11449	10101	2052	13248	17550	17956	2624	18219	21061	2047	2214	3172	3225	5578	16285	2955	3724	14070	2263	2744	8094	3521	16285	12322	5513	8447	1442	7531	2499	4831	31135	15679
KY2019:KY.Chr1.1187	2135	2444	4056	7058	3805	2535	4606	3882	818	3110	3768	6781	1016	7053	8841	878	898	958	1190	2248	5844	1056	1593	5617	939	1311	3170	1247	6756	4767	2441	3728	576	2535	874	1976	9963	5454
KY2019:KY.Chr1.1189	4329	4461	8328	12761	8845	7045	9002	8238	3332	5953	6488	12545	3515	15271	15180	1477	1406	1502	2539	5731	10636	2440	5977	18317	1093	2187	4313	2160	12295	6919	3762	5553	2116	3563	1910	3185	12953	7424
KY2019:KY.Chr1.1234	10194	10921	21433	39206	20997	12005	22473	19684	3747	29936	37798	34251	4806	36711	41301	3562	4533	7026	5766	10325	37683	6885	7482	29167	3324	4345	11913	5789	31563	20560	10076	15584	2404	15873	4533	9499	53703	26559
KY2019:KY.Chr1.1301	43401	46597	87756	161848	86036	53991	94552	86982	15964	121297	155796	154432	22154	159202	180232	15362	18491	26426	24817	42451	144472	28054	31584	119995	16238	21526	58417	26305	147565	88781	41122	62839	10692	64014	18228	36201	258946	127314
KY2019:KY.Chr1.1318	1892	2372	3760	6693	3826	2255	4267	3724	751	3338	4498	6667	905	6532	8281	1593	1574	2027	2867	7387	5733	997	1297	5263	1349	2725	4667	1442	6549	7338	4027	6691	2722	3134	1329	3858	11657	6586
KY2019:KY.Chr1.1392	4308	5111	8624	13351	7748	4190	8654	8128	1484	8604	11820	12796	1852	12906	15720	1359	1665	2496	2344	4061	11294	2032	2531	10319	978	1820	3880	1674	10956	7011	4192	6105	1012	5637	1811	3733	22476	11377
KY2019:KY.Chr1.1406	4045	2715	4693	8548	4765	2833	5438	4367	954	5190	7055	8345	1155	8548	9952	921	1075	1736	1543	2804	6932	1258	1758	6567	859	1361	3035	1452	7673	5278	2706	4511	706	3652	1251	2626	14948	7716
KY2019:KY.Chr1.1411	4323	5015	8776	17546	9973	5579	10659	9144	1865	11368	15987	15832	2335	16944	19685	1874	2054	3223	2866	5019	13818	2418	3173	12519	1207	2107	5270	2361	12672	9434	5082	7880	1310	6854	2120	4633	25795	13543
KY2019:KY.Chr1.1455	4553	4704	8670	12956	9024	7106	9131	8457	3350	6181	6628	12620	3510	15465	15389	1515	1418	1548	2532	5775	10921	2504	6054	18490	1118	2217	4232	2106	12278	7017	3796	5615	2107	3612	1942	3261	13197	7595
KY2019:KY.Chr1.1582	2627	3250	5032	7423	3991	2631	4949	4507	939	3934	4698	7740	1073	7658	9346	746	903	1162	1300	2435	7162	1284	1739	6077	870	1385	3198	1163	6816	4748	2401	3707	602	2239	894	2094	8644	5063
KY2019:KY.Chr1.1698	7427	7012	14848	21018	9385	6799	12624	11596	2599	15825	25099	20667	3182	21608	22933	2165	2700	5131	3474	7177	20460	2478	4502	17910	1098	2673	4922	2244	15648	11534	6531	9858	1557	8930	3070	6616	28820	15720
KY2019:KY.Chr1.1711	1958	2467	4078	8002	4608	2691	5162	4181	859	4315	5829	7299	1111	7716	9694	896	1061	1344	1436	2722	6382	1135	1709	5913	995	1370	3640	1409	7517	5288	2625	4201	613	3095	1106	2355	12663	6674
KY2019:KY.Chr1.188	2882	3245	6107	10472	5594	3310	6491	5566	1072	6941	9259	9870	1442	10341	12016	1177	1286	1920	1713	3152	9700	1682	1921	8361	808	1315	3049	1437	8327	5578	2989	4727	727	4309	1412	2854	15541	7841
KY2019:KY.Chr1.1942	3447	3676	7082	12383	6738	3927	7570	6462	1218	8639	11877	11715	1574	11764	13993	1236	1465	2290	2012	3491	11248	1932	2245	9459	860	1536	3651	1593	9646	6866	3382	5289	874	5093	1620	3418	16740	8896
KY2019:KY.Chr1.2037	2167	2284	4262	6997	3920	2732	4733	4170	946	3801	5112	7361	1170	7594	9219	942	1160	1182	1251	2774	7760	1116	1747	5763	766	1256	2721	899	6289	4258	2825	4019	602	2469	927	2184	11358	6040
KY2019:KY.Chr1.2051	266450	338640	621048	1076318	604062	387328	601538	600216	119506	870144	1089970	967064	155402	1099692	1278076	108856	123736	169394	169750	289232	999158	166656	220400	822384	81460	127608	323706	126572	814064	532790	297186	428994	74198	378042	119390	251458	1576094	813938
KY2019:KY.Chr1.2069	18101	19355	30846	83861	49122	29169	48831	37261	10536	44359	52443	68605	13599	81724	93949	8629	9267	10159	12806	25325	65569	13398	18858	67628	7470	11030	28640	11963	60887	43625	23655	34800	6655	28333	9520	19217	111787	57030
KY2019:KY.Chr1.2085	2477	2943	5079	8978	4901	3024	5600	5042	966	5554	7341	8450	1235	9008	10315	984	1114	1640	1467	5743	8308	1480	1653	6815	711	1190	2681	1275	7189	4777	2787	4211	695	3382	1175	2356	13676	7073
KY2019:KY.Chr1.212	4572	4728	8758	13368	9187	7142	9193	8412	3338	6361	6820	12654	3513	15446	15802	1439	1413	1506	2524	5674	10839	2469	5987	18422	1075	2219	4169	2020	12166	6765	3765	5666	2116	3599	1942	3264	12821	7378
KY2019:KY.Chr1.2149	3121	4085	7114	13045	7213	4688	8648	7130	1524	8406	10885	13300	1834	13526	15275	1565	1831	2382	2365	4554	15925	3178	3027	10984	1410	2155	5120	2136	12745	8720	4424	6791	1041	5722	1928	3893	21085	11154
KY2019:KY.Chr1.2243	7509	6953	11453	25519	14474	8821	15907	13308	2894	13661	16822	23102	3302	25235	29076	3039	3273	4085	4839	8360	27850	5180	5345	19445	2937	4160	10599	4108	22139	16845	8295	13472	1994	10132	3128	6921	39539	20863
KY2019:KY.Chr1.2432	4812	5583	9498	17926	10102	5860	11571	9466	1863	12222	16112	16460	2360	17346	19964	1861	2210	3322	2969	5418	16117	2920	3456	13695	1478	2459	5515	2645	14428	10023	5416	8192	1309	7828	2485	5063	26598	13658
KY2019:KY.Chr1.2439	2647	3011	5813	8519	4653	2977	5127	4254	914	6045	7328	7883	1055	8215	9501	917	1084	1407	1343	2428	8257	1551	1830	6375	706	1136	2280	1046	6695	4001	2436	3629	606	3222	1016	2117	12233	6163
KY2019:KY.Chr1.2455	2395	2946	5020	8031	4615	2567	5064	4493	883	4757	5735	7406	1062	7497	9053	929	1039	1440	1290	2401	7527	1414	1526	6193	716	1126	2802	1026	6512	4258	2417	3840	613	3024	1055	2197	11905	6159
KY2019:KY.Chr1.2456	1944	2192	3990	6821	3880	2599	4495	3987	942	3788	5356	6982	1067	7103	8801	891	1019	1130	1244	2545	6996	1062	1563	5511	730	1254	2833	917	6027	4240	2678	3963	590	2387	913	2038	10966	5982
KY2019:KY.Chr1.2458	1293	1530	2599	4619	2722	1581	3091	2735	609	2265	3056	4489	630	4684	5695	630	702	792	949	1780	3977	675	867	3341	484	860	1707	609	3800	2790	1775	2794	392	1592	632	1408	7131	3832
KY2019:KY.Chr1.2461	1596	1604	3238	5776	3657	2161	4156	3403	809	3342	4920	6192	912	6470	6934	818	803	1313	1247	2202	7329	1358	1338	5074	413	1056	1939	611	5258	3880	2284	4236	583	2230	954	2061	8257	5039
KY2019:KY.Chr1.2558	2521	3321	5201	9915	5618	3607	6472	5466	1131	6018	7989	9765	1401	10260	12014	2020	1943	2734	2968	7779	11098	2114	2111	8027	1500	2876	4692	1794	9058	8283	5035	8637	3152	4618	1644	4411	17579	9292
KY2019:KY.Chr1.2598	3798	4456	7370	11310	5996	4037	7192	6713	1291	5256	6759	14024	2539	14344	15998	1169	1215	1463	1851	3326	9217	1603	2226	8573	1034	1711	4056	1622	9033	6104	3347	5180	831	3096	1245	2623	13752	7552
KY2019:KY.Chr1.525	2506	3231	5057	6738	3719	2208	4349	4033	791	4040	5075	6890	940	6900	8224	623	756	1044	1168	1963	6472	1168	1313	5418	571	919	1873	713	5443	3498	1832	3016	472	1930	738	1801	7371	4159
KY2019:KY.Chr1.536	4187	4218	8237	15015	8522	5073	9454	10112	2408	10956	15281	14777	2148	15142	17131	1944	2137	3565	3299	7599	14247	2368	3043	11887	1292	2264	5280	2699	13201	9743	4706	6994	1111	6274	2108	4378	23341	12145
KY2019:KY.Chr1.559	3032	3444	5921	11705	6678	3812	7487	6197	1310	6634	8468	10874	1609	11371	13526	1305	1515	1918	2002	3575	9861	1801	2095	8482	964	1681	3762	1439	8740	6435	3593	5523	945	4177	1456	3150	16910	8983
KY2019:KY.Chr1.724	2321	2869	4693	8794	5005	3119	5933	5309	1089	5352	6993	8737	1373	9050	10014	1025	1344	2104	1746	3255	8055	1214	1779	6735	668	1326	2616	1035	7345	5178	3304	7738	1190	6693	2249	4513	41045	19312
KY2019:KY.Chr1.782;KY2019:KY.Chr4.1246	2684	2962	5332	9356	5260	3477	6287	5268	1198	5612	8142	9811	1353	10003	11398	1097	1330	1977	1781	3360	9193	1566	2169	8232	1130	1581	3751	1794	9775	6738	3197	5245	831	4280	1528	3085	15401	8559
KY2019:KY.Chr1.858	4182	5206	8274	11989	6915	4326	7998	7077	1480	5526	7076	12190	1677	12127	15324	1479	1392	1771	2097	4069	10723	1914	2467	9177	1198	1938	4393	1577	9647	7539	4095	6144	993	3812	1463	3683	15631	9039
KY2019:KY.Chr1.945	1702	2126	3310	6763	3839	2240	4363	3649	774	3358	4816	6638	948	6427	7945	823	930	1200	1173	2336	9202	1610	1299	5022	766	1191	2719	984	6086	4414	2419	3461	545	2795	968	1921	11003	5941
KY2019:KY.Chr10.1086;KY2019:KY.Chr13.318;KY2019:KY.Chr14.112	89939	118163	217066	364398	206810	134084	208572	209446	41007	315829	404327	339109	53588	378317	442619	37113	42250	59571	58713	101453	325292	52487	74330	283009	28487	46199	115095	45272	282591	188989	105209	152739	25755	127935	42554	89111	545171	285612
KY2019:KY.Chr10.1095	3418	3567	7820	9671	6141	4416	6996	6659	1384	7266	9329	11760	1730	11644	13656	1218	1442	2133	2301	4036	10144	1787	4394	10831	2292	2713	7609	3930	17885	11549	3438	5894	915	4084	1488	3348	15628	8521
KY2019:KY.Chr10.1096	2909	3152	6716	8501	5424	3814	6062	5858	1196	6262	7856	10165	1517	10210	11806	1058	1284	1863	1902	3386	8893	1550	3601	9196	1732	2174	6017	2951	14177	9136	2944	5058	764	3473	1316	2906	13395	7371
KY2019:KY.Chr10.1174	6344	7458	13913	24322	14156	8352	15152	13898	2733	18357	23870	23618	3456	24828	28598	2565	3104	4506	4304	7258	25476	4846	4764	19395	2247	3540	8556	3733	22090	14291	7252	11209	1843	9841	3081	6489	37864	19723
KY2019:KY.Chr10.1296	15618	15529	33522	49895	29668	18244	34788	29252	6420	42623	72066	54968	7517	54179	58972	6283	6976	13017	9875	18823	49577	6021	12030	43804	3506	9338	15842	7172	44760	35829	19119	29576	4743	21133	8859	20061	86255	48382
KY2019:KY.Chr10.1341	123225	160899	295248	494179	280983	182028	284342	282654	56152	421019	535731	456704	73234	512540	598038	51210	57888	81773	81153	143699	446312	73796	104029	382177	38096	62380	152380	59733	382105	253175	142515	208846	37531	174001	57246	121659	737271	386527
KY2019:KY.Chr10.1431	9706	9895	20091	32376	20717	12802	20392	18826	4551	24452	33767	30017	6153	34677	34994	3551	4217	6299	6608	13468	28908	5435	10507	27620	3171	5101	11033	5839	31507	20936	9087	14540	4404	12660	4552	9289	48453	25643
KY2019:KY.Chr10.178	3062	3399	5679	10152	5720	3439	6432	5726	1196	6032	7227	9486	1400	9908	11187	1113	1375	1616	1673	3109	9836	1681	1973	7904	1169	1665	3893	1643	9020	5921	3222	4730	816	4192	1380	2674	16056	8406
KY2019:KY.Chr10.19	2034	2670	4365	8187	4635	2781	5354	4530	970	4903	6463	8109	1146	8056	9648	900	1024	1424	1472	2730	6924	1129	1592	5884	793	1253	2973	1240	6716	5200	2572	4187	610	3436	1103	2503	13332	6925
KY2019:KY.Chr10.279	1288	1458	2453	5154	2969	2042	3631	3068	641	2605	3632	5493	853	5606	6330	796	1040	1022	1261	2324	4985	915	1179	4224	892	1242	2947	1212	5565	4029	2378	3469	558	2376	742	1808	10072	5363
KY2019:KY.Chr10.303	2580	3238	5201	7195	4150	2568	4879	4305	918	3712	4636	7171	993	7465	8675	883	956	1219	1320	2549	8000	1475	1633	5894	919	1403	3240	1194	7498	4785	2348	3839	614	2405	954	2136	9956	5509
KY2019:KY.Chr10.606	3660	3806	7282	10890	6159	3806	7200	6407	1346	7642	9777	11573	1597	11609	13397	1167	1524	2158	2049	3626	10492	1859	3014	9399	1537	2083	5364	2396	12737	8785	3394	5520	906	4491	1432	3482	16642	9204
KY2019:KY.Chr10.622	4425	4481	8182	13078	8899	7167	9180	8387	3354	5915	6235	12705	3474	15389	15555	1425	1470	1546	2595	5759	11105	2557	6048	18366	1118	2220	4231	2137	12360	6972	3785	5721	2106	3595	1947	3263	13456	7666
KY2019:KY.Chr10.739;KY2019:KY.Chr2.1584	2726	3677	6058	10997	6333	3563	6829	6503	1271	7426	10353	10502	1646	10694	12905	1156	1275	1950	1851	3326	8938	1457	2018	8251	714	1439	2976	1456	8004	5783	3334	4984	796	4114	1394	3162	16193	8409
KY2019:KY.Chr10.806	2695	3241	5847	9925	5277	2804	5915	5298	1043	6380	8497	8853	1329	8834	11065	935	1007	1471	1331	2606	6685	1122	1483	6765	374	1043	1780	632	5576	3833	2583	3826	580	2718	1128	2453	9765	5714
KY2019:KY.Chr10.829	10913	12531	24475	39884	22669	14358	24401	22845	4702	30706	40223	40020	6004	42117	47396	4266	5036	7352	6782	11890	47242	8676	8377	32322	3062	5335	12236	5554	34842	22025	11812	17776	2878	15640	5052	10946	60706	31984
KY2019:KY.Chr10.837	42584	45767	88102	158112	85928	53303	92784	86028	16111	121072	156863	150469	22387	155978	175611	14878	18063	26286	24771	42681	138567	26851	32975	119584	15286	21215	54903	25537	144272	85938	39694	60947	11366	61937	18118	35802	247715	122971
KY2019:KY.Chr10.902	3007	3435	6212	11727	7196	4554	8065	6239	1449	8195	12084	11993	1836	12682	14283	1549	1878	2665	2430	4324	12448	2220	2441	10072	1137	1974	4356	1783	11120	7866	4501	6540	1032	5759	1892	3855	22951	11732
KY2019:KY.Chr10.914	2406	3103	4809	9784	5601	3770	6587	5501	1206	9240	13221	10010	1494	10157	11653	1232	1457	2067	2235	3867	9235	1660	2112	8013	1422	1838	5368	2277	9633	8055	3536	5622	914	4162	1573	3258	17510	9641
KY2019:KY.Chr10.961	4846	5498	9630	17704	9170	6046	11128	9856	2178	11630	15378	16654	2434	18014	19280	2114	2646	3386	3188	5964	17254	2608	4070	14280	2076	3052	6962	2772	16688	11494	6174	9116	1450	7252	2610	5306	25182	13700
KY2019:KY.Chr10.964	3264	3968	6761	11669	6608	3963	7699	6605	1321	8742	11059	11679	1808	12079	13871	1249	1556	2352	2112	3752	11584	2107	2419	9180	999	1662	3997	1567	9841	6671	3694	5819	903	4800	1693	3342	17912	9769
KY2019:KY.Chr11.1049	11176	16970	28010	59218	30458	20519	31441	30391	6125	35723	43920	52831	7841	57115	64370	5965	6404	8584	8463	14522	47221	8355	10716	41039	6173	6900	22424	8939	43275	34044	15300	23393	3893	24626	6156	13300	100429	47726
KY2019:KY.Chr11.1070	3513	4099	7208	11192	6698	4795	8031	6686	1507	7799	10280	12700	1853	12268	14240	1394	1833	2615	2618	4845	11499	2004	4372	12356	3218	3646	10615	4778	21102	14672	4372	7029	1095	5502	1782	3944	18844	10331
KY2019:KY.Chr11.1073	4646	4766	6955	11416	6535	3971	7498	6347	1326	5135	6925	11047	1540	11063	13841	1299	1283	1591	1973	3783	12407	2123	2156	8405	1108	1839	4110	1831	8866	7056	3743	5870	938	3632	1437	3446	16274	8797
KY2019:KY.Chr11.1133	2502	3098	4889	9355	5487	3599	6435	5153	1177	9289	12967	9618	1420	9821	11018	1225	1409	2053	2144	3811	8719	1552	2055	7975	1472	1887	5248	2203	9597	7850	3415	5737	947	4094	1551	3183	16511	9210
KY2019:KY.Chr11.1143	5071	6858	10141	20304	11959	6960	12511	11708	2504	13478	18037	18297	2942	20065	22988	2162	2599	3615	3559	7172	14932	2634	4379	15141	1222	2470	5108	2211	14369	9871	5766	8634	1924	7413	2512	5377	27981	14922
KY2019:KY.Chr11.1145	2561	2827	4811	9630	5137	3184	5965	4923	1074	4835	5921	8836	1295	9016	10849	1065	1151	1439	1619	2942	8317	1551	1830	7143	1048	1384	3863	1492	7748	5915	2875	4493	703	3721	1203	2651	15523	7732
KY2019:KY.Chr11.115	4965	4352	6331	9958	5448	3258	6097	5576	1107	4943	6405	9150	1316	9268	11614	994	1138	1348	1437	3053	6987	1293	1674	6845	851	1383	3121	1197	6902	5277	2978	4588	697	3198	1159	2510	13519	7156
KY2019:KY.Chr11.1167	6266	7395	11853	32451	18031	9508	18908	13056	3008	20396	24840	24001	3636	28685	34977	3252	3552	4605	4756	8652	26207	4950	5323	21679	2605	3964	10178	3928	21586	15999	8929	13373	2152	11174	3455	7252	42132	21660
KY2019:KY.Chr11.1327	4608	4570	8228	12970	8308	6969	8578	8360	3307	6590	7713	12678	3244	14572	14540	1391	1385	1540	2248	5358	10014	2360	5709	16913	837	2012	3452	1998	11457	5727	3464	4835	1913	3537	2032	2959	12158	6954
KY2019:KY.Chr11.1359	5518	6162	11111	19481	11523	6717	12162	11201	2097	12371	16164	17783	2560	19391	21736	2298	2771	3551	3286	5916	18432	3194	3739	15583	1899	2897	6624	2715	16898	10379	6269	8791	1490	7748	2512	4945	29230	15264
KY2019:KY.Chr11.1362	4769	4910	9133	13227	9153	7292	9301	8702	3400	6326	6947	13189	3579	15880	16012	1543	1451	1617	2631	5911	11116	2540	6133	18860	1173	2287	4363	2203	12720	7217	4014	5789	2115	3714	2023	3353	13877	7900
KY2019:KY.Chr11.361;KY2019:KY.Chr3.1012;KY2019:KY.Chr12.9	2683	3472	5500	10481	5799	3435	6690	6274	1460	6575	9057	9871	1480	10030	12482	1155	1402	2370	2223	4568	9034	1507	2054	8099	966	1610	3766	1438	9120	6718	3356	5492	951	4598	1539	3236	16863	9008
KY2019:KY.Chr11.406	4332	4342	7539	19388	11009	6193	11805	8740	2085	10267	13277	16034	2399	18006	21465	2240	2353	2663	3130	5825	15546	2895	3422	13219	1683	2612	6473	2289	13621	10716	6140	9341	1468	7189	2489	5446	29711	15168
KY2019:KY.Chr11.439	2746	3331	5730	10046	5997	3066	6627	7092	1815	6570	8970	9469	1348	9434	11695	1322	1344	2446	2335	4997	7735	1257	1658	7188	512	1186	2266	812	6191	4451	3007	4332	630	3067	1236	2526	11675	6450
KY2019:KY.Chr11.460	8715	10469	18877	17301	9480	5620	11417	9975	1879	10641	12930	17255	2406	16162	20296	1960	2011	3378	3424	7493	12866	1939	3226	12915	1220	2797	4766	1886	13172	9995	5281	8902	2782	5072	2209	5796	20448	11621
KY2019:KY.Chr11.470	6687	8126	14419	12515	6793	3966	8444	7402	1371	7196	8932	12633	1805	12028	15359	1218	1265	2044	1904	3536	9362	1494	2358	9343	793	1628	3152	1202	8844	6024	3343	5441	915	3361	1415	3347	13275	7665
KY2019:KY.Chr11.676	4861	3655	6075	12547	6570	4383	7717	7025	1363	7674	9855	11274	1717	12397	13728	1282	1496	2068	1950	3589	12314	2109	2425	8813	916	1546	3466	1443	9492	6317	3593	5250	793	4895	1419	3238	18239	9637
KY2019:KY.Chr11.738	2365	3075	5283	8898	5120	3280	6218	4961	1123	4953	6604	9369	1313	9452	10879	1098	1272	1629	1837	3244	7813	1385	1931	7186	924	1551	3676	1374	8399	6030	3158	5071	789	3727	1315	2975	14683	8057
KY2019:KY.Chr11.892	4431	4675	8632	12929	8842	7150	9116	8388	3342	6194	6625	12660	3571	15369	15392	1465	1373	1473	2512	5773	10853	2448	6043	18345	1064	2178	4220	2154	12379	7199	3787	5725	2108	3593	1935	3310	13383	7645
KY2019:KY.Chr11.941	5768	7502	12254	21525	11536	7014	13687	15072	2522	12851	17394	20286	2842	20743	24613	2163	2779	3821	3587	6194	17646	3064	4105	16129	1769	2819	6533	2765	17058	11737	5927	9253	1643	8304	2744	5553	31843	16070
KY2019:KY.Chr12.1006	14729	17326	32426	59229	31871	19551	34329	31331	6100	44227	56846	55175	8022	57661	65846	5489	7126	9611	9048	15669	52369	10111	11821	44721	6050	8210	21153	10593	53845	34034	15898	24193	3926	23894	7017	13584	97496	48406
KY2019:KY.Chr12.1060	3680	4199	7963	13357	7463	4811	8794	7490	1554	8135	11025	13769	1980	13967	15938	2058	2273	3263	3540	8098	11935	2050	3011	11031	1876	3140	6234	2501	13213	11319	5810	9178	2356	6213	2199	5758	23929	12598
KY2019:KY.Chr12.156	5200	6542	9902	27134	15249	8472	15869	11795	2577	12668	15924	21950	3205	24337	30115	3071	3088	3267	4319	8088	20995	3791	4633	18383	2811	3831	10066	3787	19419	16287	8403	12547	2023	9369	2960	6888	38913	19994
KY2019:KY.Chr12.292	4376	4630	8556	12641	8816	7039	8839	8204	3269	6210	6543	12114	3475	14936	14868	1387	1292	1439	2375	5488	10295	2354	5896	18078	954	2054	3860	2016	11760	6443	3563	5382	2043	3444	1871	3134	12296	7028
KY2019:KY.Chr12.443	17898	21567	38394	72917	39347	24115	40494	38173	7037	55291	70745	66099	9481	70150	77856	6695	8047	11799	10624	18227	72873	14104	12793	52960	6474	8129	23564	10176	55943	37220	18206	27498	4609	28733	7888	15831	107605	52436
KY2019:KY.Chr12.490;KY2019:KY.Chr12.489	6376	6925	13109	24144	12667	7293	13644	12088	2357	17022	21633	21051	3060	22143	25674	2261	2716	4193	3426	6448	22651	4305	4516	17648	2108	2879	7529	3467	18825	12492	6258	9767	1554	9273	2720	5944	32717	16719
KY2019:KY.Chr12.532	8055	8206	15711	28455	19591	15203	18744	18075	7301	16523	19940	26963	7634	32276	32385	3323	3352	4087	5408	12944	23867	5939	12974	39063	2115	4714	8184	4727	25905	13826	8179	11364	4525	9494	4913	6631	34144	18476
KY2019:KY.Chr12.534	7789	7978	15401	27129	18937	14903	18510	17704	7334	16432	19891	26088	7529	31529	30864	3114	3256	4121	5192	12795	23426	5736	12824	38556	2031	4621	8014	4848	25778	13413	7741	10971	4418	9322	4802	6541	32469	17554
KY2019:KY.Chr12.6	6923	8467	15331	14092	7587	4671	9123	8225	1583	8646	10754	13818	1955	13369	16747	1380	1420	2232	2112	3878	11167	1876	2543	10452	868	1750	3387	1304	9861	6868	3700	5959	922	3956	1590	3705	15719	8953
KY2019:KY.Chr12.632	4489	4687	8455	13767	9444	7521	9577	8866	3425	6159	6434	13425	3653	16213	16509	1565	1529	1566	2672	6013	11865	2780	6184	18914	1251	2268	4735	2227	12910	7855	4040	6176	2137	3814	2025	3512	14645	8443
KY2019:KY.Chr12.665	2154	2626	4072	8415	4795	2986	5665	4678	1016	4778	6296	8505	1166	8436	10133	948	1120	1540	1625	2942	8083	1537	1821	6940	1076	1596	3865	1706	8841	6189	2874	4375	715	3401	1129	2520	12893	6901
KY2019:KY.Chr12.69	5186	5909	10167	20698	10276	6228	12448	10643	2056	12777	16381	18410	2613	19169	22346	1943	2410	3607	3164	5533	17878	2931	3914	14912	1604	2456	5792	2642	15645	10062	5409	8354	1240	8224	2460	5082	28511	14270
KY2019:KY.Chr12.74	16270	15826	24494	65269	36777	19943	38157	28134	6235	36076	44909	58010	10207	67202	78332	6986	7266	8508	10057	18325	53444	10097	11145	44731	5939	8361	22167	8629	46451	35121	18853	29188	4720	23095	6852	16079	92817	47130
KY2019:KY.Chr12.818	3812	4177	7586	12456	6929	4299	8341	7323	1486	8306	10945	12581	1730	13036	14988	1328	1652	2675	2262	4241	11676	2077	2607	10092	1272	2020	4711	2257	11917	8156	3950	6563	1072	5277	1771	3851	20257	10623
KY2019:KY.Chr12.824	6773	6975	13461	26249	16568	12238	17160	15143	5637	13568	17196	24662	5799	27953	29730	2905	3021	3648	4430	10355	21815	4829	9763	28787	2111	4064	8042	4188	23026	13433	7580	10846	2941	9175	3992	6726	31452	17216
KY2019:KY.Chr12.869	3637	4100	7726	13183	7235	4273	8214	6612	1464	8792	11757	12220	1697	12959	15088	1448	1692	2476	2193	3942	11640	2009	2554	9844	1020	1663	3954	1686	10600	7527	3846	5924	977	5316	1769	3597	19057	9735
KY2019:KY.Chr12.93	3843	4590	7339	13164	7316	4630	8594	7320	1560	6865	8650	12649	1863	13119	15507	1517	1618	2073	2373	4272	13337	2355	2836	10480	1427	2345	5138	1954	11831	8339	4155	7059	1024	4378	1545	3816	17702	9680
KY2019:KY.Chr12.974	5060	6116	10408	20218	11291	7177	12174	11109	2254	13826	17921	19680	2880	20965	23596	2043	2380	3447	3217	5904	17572	3387	4189	15359	1894	2742	7695	3255	17270	12471	5809	9451	1436	7917	2595	5292	32571	16682
KY2019:KY.Chr12.977;KY2019:KY.Chr12.980;KY2019:KY.Chr2.820	6851	7035	14962	24238	13318	8085	14703	12832	2589	17716	24485	22848	3408	23956	27450	2499	3110	4613	4033	7352	21453	3492	4783	19313	1952	3283	7711	3576	20312	14667	7212	10840	1690	9926	3265	7172	35309	18799
KY2019:KY.Chr13.291	3611	5005	7053	15702	8348	4375	9525	7965	1512	9721	12231	13167	1853	13566	17037	1621	1835	2295	2077	3639	10934	1819	2534	10387	835	1652	3362	1277	9484	5889	3938	5627	952	5121	1688	3394	20158	9975
KY2019:KY.Chr13.407	14331	14592	29672	45316	27246	16155	31482	28033	6146	38221	63668	48208	6839	48573	52170	5676	6268	12002	9172	18548	44168	6240	10549	40464	3371	7755	14257	6709	42558	31455	16134	25181	4078	18683	7755	17000	75373	42208
KY2019:KY.Chr13.409;KY2019:KY.Chr13.440	4909	4778	9804	16750	9092	5664	10397	9268	1831	12899	17962	15968	2431	16871	18562	1807	2177	3456	2880	5149	16219	2535	3837	14079	1522	2460	5770	2864	15621	10373	5074	7594	1223	7278	2417	4891	25961	13422
KY2019:KY.Chr13.445	9650	10027	18518	31972	19839	14006	20466	19467	5868	20777	26643	30373	6501	34528	37650	3384	4133	5308	5674	10765	27771	5444	10235	33959	2500	4527	9258	4814	27455	15827	9013	12942	3106	12206	4742	7771	46469	24077
KY2019:KY.Chr13.449	4770	5104	9202	13553	9325	7353	9499	8866	3413	6428	7082	13226	3618	16133	16131	1528	1439	1603	2635	5886	11499	2599	6174	18985	1128	2272	4474	2191	12838	7276	3942	5856	2159	3696	1994	3369	13570	7816
KY2019:KY.Chr14.1058	11491	14831	22928	39098	21859	12815	25134	33082	4737	23212	29664	37747	5213	37922	46183	3808	4329	6641	6236	10818	31198	5461	7637	30367	4007	5482	13935	6463	35310	22375	10453	17049	2700	14449	4871	9938	54080	28032
KY2019:KY.Chr14.1160	7601	8715	15855	30048	16470	10690	18096	15888	3556	19555	24520	27182	4214	31042	34447	3099	3583	5099	4888	8826	35070	6093	6370	23103	2198	3901	8849	3562	22920	15583	8995	12789	2094	10890	3669	7724	40415	21717
KY2019:KY.Chr14.1166	9070	9551	18567	29402	17346	10109	19988	16891	3586	22507	35404	29982	4223	30065	33517	3318	3678	6831	5389	9908	27715	3999	6418	25339	2096	4688	9018	4323	26018	18902	9662	15233	2524	11757	4642	10073	44276	24561
KY2019:KY.Chr14.1171	4572	5764	9207	19248	10887	7242	12060	10684	2135	13707	18201	19057	2827	19406	22419	2194	2320	3306	3375	5968	17223	3228	3950	14655	2571	2958	8898	4013	17120	13092	5815	9048	1527	8042	2660	5072	34281	17262
KY2019:KY.Chr14.14	2978	3523	5877	9544	5518	3317	6340	5325	1114	4887	6392	9431	1345	9540	11328	1146	1138	1623	1652	2984	8295	1507	1819	7433	810	1422	3159	1218	7761	5724	3146	4918	737	3493	1252	2759	13771	7545
KY2019:KY.Chr14.277	4349	4611	9274	15344	8418	4911	9349	8363	1662	10960	15504	14659	2104	15292	17361	1625	1866	2795	2512	4585	14400	2262	3095	12209	1202	2212	4691	2272	12457	9047	4532	6837	1145	5908	2080	4373	21654	11508
KY2019:KY.Chr14.281	9403	9683	19383	31451	18376	10888	21501	18367	3858	24838	38684	33053	4626	33248	36288	3685	4093	7600	5830	11097	30542	4381	6990	27385	2329	5206	9788	4668	28122	20836	10681	17104	2777	13374	5157	11325	49455	27269
KY2019:KY.Chr14.359	3625	4231	7286	14755	8265	4386	8746	6919	1431	9503	12875	12584	1878	13237	16250	2068	3217	3705	3201	6539	11073	1903	2373	10294	922	1742	3724	1692	9754	6948	5298	8491	1366	8872	2412	4338	27624	13213
KY2019:KY.Chr14.407	3291	3906	6230	13153	7246	4372	7834	6835	1485	7540	9608	12133	1761	12425	14756	1378	1578	2071	2110	3937	11807	2146	2465	9691	1331	1725	4852	1995	10515	7803	3958	5942	914	5473	1599	3567	21031	10458
KY2019:KY.Chr14.42	8603	10539	18975	34582	18888	12008	21415	18306	4101	21251	27366	32767	4807	33719	40825	4000	4820	5931	6324	11384	31899	5866	7075	26165	3625	5409	13553	5291	29822	21596	11450	17527	2796	13531	4676	9765	53830	28737
KY2019:KY.Chr14.441	8584	9697	18616	33606	18008	11647	20766	17472	3525	21369	26627	33612	4688	34146	38914	3522	3911	5358	5413	9732	26427	4753	6555	24565	2957	4275	11287	5005	27278	19496	10073	14975	2466	14468	4191	9017	60296	29041
KY2019:KY.Chr14.492	3390	4325	7314	13314	7253	4652	8609	7189	1504	8523	10688	13116	1842	13196	15653	1474	1806	2262	2457	4427	12241	2431	2671	10357	1449	2143	5227	2051	11509	8003	4231	6338	1025	5193	1708	3568	20029	10633
KY2019:KY.Chr14.539	2938	3157	5907	9405	5379	3731	6312	5749	1241	5856	7444	10568	1453	10136	12006	1131	1287	1790	2023	3488	9572	1610	2702	9188	1775	2024	6057	2847	12786	9302	3349	5511	825	3826	1335	2971	15088	8045
KY2019:KY.Chr14.573	4102	3905	7269	12820	7968	4948	8346	7984	2107	7908	11340	11612	2460	13109	14000	1634	1741	2580	2679	5935	7826	1314	4091	10230	882	1934	3233	1543	10451	7023	4000	6170	2088	4971	1924	4133	17532	9635
KY2019:KY.Chr14.625	4631	5144	9204	18950	10582	6708	11674	10313	2266	10771	13734	18679	2672	19580	22267	2285	2477	3244	3523	6427	23162	4223	4360	15031	1884	2772	6755	2596	16601	11302	6406	9725	1467	7500	2596	5694	27986	15345
KY2019:KY.Chr14.916	2269	2681	4683	8317	4727	3162	5360	4854	1078	5343	6789	8697	1224	9256	9731	890	1064	1472	1511	2744	11342	2083	1916	7062	708	1119	2698	1009	7207	4719	2642	4078	632	3297	1205	2438	12368	6545
KY2019:KY.Chr14.930	12220	16476	24701	46429	25795	15793	28268	30725	4738	33469	40206	44348	6294	45829	53713	4547	5337	7674	7162	12005	41986	8133	9100	35205	5591	5995	19822	8810	41992	27143	11913	17781	2807	20113	5713	9671	72990	36180
KY2019:KY.Chr14.946	3656	4661	6769	12077	6895	4410	8203	7262	1499	4350	5809	12575	1741	12287	14947	1571	1480	1537	2260	4259	9751	1596	2466	8714	1399	2070	5106	1869	9859	8534	4287	6538	1067	3928	1483	3690	18193	9979
KY2019:KY.Chr2.1145	2739	3030	6373	8318	5255	3907	6018	5468	1222	6171	7873	12452	2386	13333	13710	1098	1343	1853	2052	3814	8714	1513	3817	9632	2247	2529	7474	3546	15841	10912	3210	5462	834	3819	1383	3000	14191	7895
KY2019:KY.Chr2.1300	2520	2751	4950	9213	5432	2953	5732	4890	936	10243	13024	8645	1181	8931	10445	952	1126	1684	1548	2581	7907	1356	1432	6678	510	1187	2163	835	6983	4189	2581	3852	615	3332	1312	2531	17558	9938
KY2019:KY.Chr2.1326	3463	4078	6636	11052	6058	3589	7308	6225	1200	8712	12118	10411	1566	11017	12321	1095	1424	2038	2132	3406	10002	1699	2186	8614	985	1426	3397	1500	9293	6139	3384	5241	762	4292	1468	3050	19898	10381
KY2019:KY.Chr2.1386	5126	4449	7916	15715	10463	8563	10092	9622	4119	5762	6717	14709	3976	18041	18337	1845	1748	1556	2800	6914	12571	2859	7387	21395	1308	2694	4646	2964	13756	7744	4604	6415	1925	4588	2393	3693	16463	9063
KY2019:KY.Chr2.1417	4559	4747	8800	13091	8995	7088	9128	8410	3324	6290	6738	12493	3510	15475	15600	1445	1389	1493	2493	5670	10802	2486	6021	18337	1058	2169	4209	2048	12275	6800	3796	5686	2086	3562	1945	3262	12837	7385
KY2019:KY.Chr2.1479	3372	3721	6890	11867	6499	3762	7375	6496	1298	8781	11990	11609	1505	11581	13455	1121	1338	2395	1918	3349	10357	1774	2066	8937	673	1489	2796	1318	8522	5847	3150	5103	807	4627	1632	3233	17271	9148
KY2019:KY.Chr2.1484;KY2019:KY.Chr2.2314	9150	12157	18395	31603	17902	10524	20308	28081	4013	17720	22361	30549	4206	31078	37419	3140	3661	5403	5229	8798	25547	4616	6346	25289	3538	4595	12593	5407	30242	19079	8458	14033	2320	11394	3919	8017	42776	22680
KY2019:KY.Chr2.1579	20316	17856	38372	77354	41956	23798	43358	38140	7232	58270	75172	72814	12718	82238	84188	7310	8808	12926	10624	19228	71530	13150	15886	56208	7250	8450	24628	14140	62762	38504	19154	29078	4444	33256	8424	16702	113714	54452
KY2019:KY.Chr2.2188	8033	9367	17799	28960	16479	10266	18032	16079	3321	21973	28899	29042	4258	30617	33684	3349	3863	5840	5685	11250	30319	5660	6040	23090	2679	4670	10088	4686	26697	18728	9157	15167	4091	11811	4005	9214	46000	24057
KY2019:KY.Chr2.2203	2312	2823	4647	9218	5181	3293	5932	4783	1011	4434	6187	9069	1328	9235	11075	1149	1216	1404	1719	3105	9263	1719	2075	7116	1096	1387	3844	1513	8064	6261	3147	4741	758	3735	1232	2794	15021	7939
KY2019:KY.Chr2.749	9270	9656	18193	27796	15348	9368	17043	14971	3119	18871	22458	26640	3989	27868	32503	2886	3647	5107	4574	8799	27432	4731	6013	21510	2514	3912	8757	3800	24291	15460	8139	13297	2110	12575	3584	8146	44023	22758
KY2019:KY.Chr2.851	3485	4029	6637	13212	7719	4618	8706	7060	1604	6787	8752	12933	1876	13559	16041	1723	1846	2112	2486	4600	12719	2209	2757	10406	1523	2355	5518	2074	11648	9094	4728	7530	1089	5103	1774	4076	20828	11398
KY2019:KY.Chr3.1005	9847	11942	18121	52309	29785	15549	30278	21871	4684	26833	32817	43195	7382	49759	60093	5530	5885	6400	7668	14386	40087	7850	8501	34795	4918	6696	18414	6830	36119	27492	15070	22952	3787	18189	5451	12236	73245	36930
KY2019:KY.Chr3.1078	1361	1635	2757	5372	2901	1770	3539	2773	642	2425	3148	4926	756	5269	6245	659	708	750	942	1837	5422	900	1024	3963	544	816	1831	592	4188	3016	1821	2808	452	1843	661	1431	6931	3986
KY2019:KY.Chr3.1090	3195	3738	6033	11682	6558	4069	7935	6241	1367	6742	9098	11382	1666	11489	13841	1471	1679	2085	2124	4135	10582	1786	2402	9140	1235	2097	4599	1900	10634	7457	4348	6362	964	4800	1724	3444	18776	10293
KY2019:KY.Chr3.1139	2249	2513	4364	8242	4731	2845	5468	4518	1053	5245	7512	8202	1213	8333	9329	903	1061	1735	1566	2680	8006	1441	1728	6617	908	1481	3536	1379	8031	5890	2644	4433	633	3594	1196	2670	12895	6913
KY2019:KY.Chr3.1374;KY2019:KY.Chr3.1375	3706	4252	7354	14484	7908	5084	9491	7866	1653	7967	10333	14407	2027	14470	16968	2566	2724	3852	4460	10713	12556	2219	3138	11245	2397	4031	7928	2972	14541	14010	7024	11475	4199	6842	2451	6985	26682	13816
KY2019:KY.Chr3.1382	1972	1677	3776	6713	4412	2813	5212	4149	1008	5262	7397	7677	1157	8598	8361	947	1164	1842	1715	2852	11717	1988	1900	7062	617	1221	2374	1041	7861	5235	2923	4700	684	3840	1391	3103	13077	7138
KY2019:KY.Chr3.1404;KY2019:KY.Chr3.1399	2594	2761	5617	9195	5470	3460	6327	5150	1201	5235	7491	9005	1372	9656	11063	1171	1480	1943	1929	3320	9293	1685	2128	7857	1051	1714	3823	1365	9286	6080	3342	5066	737	3751	1544	2921	14593	8154
KY2019:KY.Chr3.1438	42687	45834	85907	157851	84787	53115	93000	85257	15711	118921	152253	151409	21817	156303	176455	15076	18463	26020	24474	41999	140182	27592	31103	117600	15875	21165	57439	25768	144677	86831	40503	62009	10584	63191	18096	35608	257088	126213
KY2019:KY.Chr3.1614	7327	8112	15446	27664	14369	8967	16342	15671	3032	18773	25586	26063	3933	26632	30203	3824	4146	6249	5865	14042	26306	4114	5355	20893	3219	5691	10480	4374	23260	18505	10139	16550	5035	11169	3902	9272	42320	22016
KY2019:KY.Chr3.1724	20787	24040	33864	87835	47421	31071	52424	47245	8392	39309	55983	87068	12008	85937	97175	10064	11397	11963	14451	26778	72390	15862	16370	60734	13204	14341	43999	22807	84006	59826	27504	42428	6455	38202	10397	21067	168767	77897
KY2019:KY.Chr3.191	4290	4418	8172	12883	8964	7107	9027	8282	3315	5903	6284	12471	3511	15329	15316	1455	1390	1511	2519	5731	10910	2504	5989	18252	1137	2171	4266	2098	12326	7345	3790	5681	2086	3581	1935	3240	13306	7588
KY2019:KY.Chr3.206	4645	6838	9095	22093	11785	5923	13006	10598	2061	13039	16499	18418	2582	18936	24808	2519	3035	3511	3227	5578	20244	3388	2778	14474	836	1717	3326	1283	10929	6350	6109	8345	1394	8742	2383	4433	31854	15603
KY2019:KY.Chr3.226	4812	5583	9498	17926	10102	5860	11571	9466	1863	12222	16112	16460	2360	17346	19964	1861	2210	3322	2969	5418	16117	2920	3456	13695	1478	2459	5515	2645	14428	10023	5416	8192	1309	7828	2485	5063	26598	13658
KY2019:KY.Chr3.264	137369	179302	328128	557132	313959	202414	316402	314018	62130	471697	599661	512887	80544	574588	672679	56479	63985	90668	88524	151220	500577	82169	113410	429022	42476	68033	170721	67290	427903	282428	157241	227333	38326	196062	63794	133550	827217	431209
KY2019:KY.Chr3.324	3337	3943	6209	13964	8033	4792	9018	7257	1628	5717	7730	13447	1896	13450	16113	1840	1914	1896	2579	4755	11242	2032	2775	10228	1778	2305	6384	2408	11845	9946	4751	7754	1124	5604	1780	4141	22322	11304
KY2019:KY.Chr3.371	24351	25655	42045	111794	61758	32669	63340	44995	10113	72524	88378	83590	12509	97546	118476	10510	12032	16438	16188	28490	92250	17707	17713	74757	8522	12704	32151	12930	72453	52856	29937	44106	6914	39986	12092	25161	147035	74952
KY2019:KY.Chr3.398	11502	14171	21239	51218	27301	16771	30285	26972	5072	29723	38288	48939	7221	49567	52413	5240	5904	7738	8325	14918	43492	8574	9763	35976	5569	6855	20354	10911	44852	31455	14349	23514	3690	21087	6226	12390	88559	43246
KY2019:KY.Chr3.556	3379	3944	7063	12129	6673	4207	7814	7395	1915	7606	10563	11845	1673	12168	13824	1618	1762	2952	2780	5777	11210	1973	2526	9714	1599	2347	5455	2115	12211	8583	3979	6110	901	4840	1630	3747	17102	9119
KY2019:KY.Chr3.580	7879	8594	16591	28126	16867	10440	17200	15333	3541	21407	28999	26370	4681	29234	31085	2939	3500	5411	5340	10035	25848	4595	7533	22890	2655	4132	9489	4855	25902	17748	7825	12353	3111	11231	3872	7725	42258	22017
KY2019:KY.Chr3.681	11748	14186	23584	36561	21464	14815	23808	21665	5494	18394	23018	35758	6375	38139	44450	4020	4428	5191	6377	12675	31221	5904	10105	34741	3751	6107	13263	5439	31836	20791	11255	16935	3667	11191	4557	9472	42718	24201
KY2019:KY.Chr3.743	7089	8051	15011	28178	14798	9028	17299	14580	2880	17439	22731	26657	3635	26528	31070	2792	3319	4612	4548	7980	33036	6392	5382	21172	3001	3975	10320	4682	25053	16767	7994	12568	2044	11219	3310	7094	42467	21183
KY2019:KY.Chr3.781	3306	3404	7013	11835	7147	4438	8036	6908	1391	8392	11782	12279	1769	13042	13745	1357	1676	2640	2314	3993	14910	2675	2773	10226	934	1802	3770	1843	11583	7865	3775	6469	995	4974	1775	3985	18083	9827
KY2019:KY.Chr3.849	3983	4740	8097	17950	9929	5169	10109	8859	1811	10381	13959	14888	2092	15717	18860	1826	1936	2958	2616	4571	14050	2525	2870	12707	1385	2184	5386	2417	12784	9453	4927	7225	1129	6912	2060	4387	24376	12327
KY2019:KY.Chr3.993	4075	4250	7773	11399	6451	4306	7612	7165	1419	5636	7542	11592	1714	11769	13128	1523	1747	2162	2484	4363	9694	1651	2715	9655	1913	2454	6750	3011	13297	9067	4342	6442	995	4817	1688	3516	19181	10173
KY2019:KY.Chr4.1104	6790	8570	15332	15274	8594	4992	9987	8545	1668	9751	11696	15025	2146	14875	18359	1567	1664	2370	2447	4330	13284	2165	2681	11675	1078	2068	4293	1663	11236	7770	4037	6389	1084	4356	1656	4071	17060	9814
KY2019:KY.Chr4.1242	3173	3885	5888	12883	8322	5202	8459	7853	2169	5899	7843	11633	1929	12350	14939	1344	1529	1735	2379	5286	10892	2403	4685	14071	898	1906	3327	1779	10819	6100	3783	5228	1460	4001	1933	3162	15141	8268
KY2019:KY.Chr4.1292	6764	3532	7193	12294	6785	3670	7381	5820	1207	7862	11137	11127	1573	11164	13850	1290	1519	2453	1950	3629	9320	1532	2149	8718	803	1582	3328	1420	9087	6463	3759	5742	862	5177	1650	3487	17283	9163
KY2019:KY.Chr4.1318	5032	5966	10180	14410	8186	4727	9539	8240	1738	9217	11324	14603	2060	14658	17816	1430	1764	2652	2536	4338	16397	3016	2867	11563	976	2070	4034	1526	11845	7352	4126	6491	1056	4915	1677	4013	16996	9849
KY2019:KY.Chr4.1344	1695	1964	3239	7198	4104	2140	4325	2965	651	4429	6408	5741	848	6306	8155	837	1112	1199	1301	2625	5067	923	1184	4941	588	1011	2148	759	4977	3742	2390	3852	569	2964	1013	2028	10299	5542
KY2019:KY.Chr4.259	3291	3313	7666	9303	5809	4115	6704	6323	1323	6927	8891	11300	1627	11128	13019	1198	1345	2079	2138	3803	9542	1688	3998	10194	1956	2475	6896	3493	15851	10545	3266	5559	835	3833	1449	3265	14670	8068
KY2019:KY.Chr4.359	2504	3146	4794	8186	4584	2722	4766	4484	904	3976	4998	7032	1090	7626	9460	798	950	978	1290	2086	6240	1142	1382	5938	668	1176	2542	924	5638	3812	2230	3298	548	2412	874	1770	8520	4754
KY2019:KY.Chr4.370	11665	13157	25956	46080	25336	16199	28056	24709	5148	32221	42574	46182	6808	47869	53080	4355	5048	8102	7443	13628	37202	6356	10150	35342	3333	5869	14680	6441	37533	26796	12972	21640	3401	16236	5516	12501	70194	36435
KY2019:KY.Chr4.407	2361	2575	4801	8699	4859	3082	5507	4520	1057	5501	6900	8647	1262	8900	10231	1001	1200	1587	1551	2958	8164	1443	1878	6955	1165	1503	3920	1659	8722	6308	2784	4361	681	3765	1225	2706	13832	7333
KY2019:KY.Chr4.415	2285	2489	5516	6693	4262	3133	4838	4576	936	4957	6397	10642	2085	11498	11617	858	1024	1404	1539	2820	6809	1185	2963	7443	1484	1723	4948	2404	11302	7674	2473	4168	609	2761	1069	2386	10991	6113
KY2019:KY.Chr4.472	4319	5096	9047	17738	10466	6138	11390	9605	2132	10434	12917	16596	2569	17949	21162	2063	2213	2931	3055	5516	16869	3022	3547	13657	1469	2554	5713	2132	13726	9952	5618	8447	1328	6410	2192	4620	25526	13994
KY2019:KY.Chr4.548	4394	4474	8627	15109	10835	8796	10254	9851	4358	7997	8769	14202	4430	18131	17411	2295	2398	2742	4123	11732	13353	3275	7438	22270	1716	3898	6005	2791	14794	10004	6016	9043	4012	5093	2799	5209	16168	9795
KY2019:KY.Chr4.609	4296	4564	9242	12794	7513	5125	9194	7754	1678	9060	12296	14399	2129	14189	16518	2297	2351	3829	4083	9511	12223	2109	4114	11961	2792	4166	8960	4049	18641	15067	6090	10482	3289	5719	2354	5968	21983	12255
KY2019:KY.Chr4.62	1390	1518	2733	4612	2711	1601	2973	2402	486	2694	3507	4230	587	4469	5239	445	499	756	778	1495	4244	800	839	3374	356	626	1453	519	3506	2621	1396	2083	395	1665	583	1301	6438	3550
KY2019:KY.Chr4.686	7949	9656	16108	17862	9233	5272	10566	9746	1737	12454	13933	15609	2152	16423	19619	1352	1569	2424	2164	3963	14386	2549	2988	12496	741	1653	2988	1068	10811	6014	3738	5706	904	4519	1657	3547	15945	8545
KY2019:KY.Chr4.687	4558	5232	9236	11989	6286	3589	7208	6173	1161	8609	10413	10263	1468	11059	13087	1053	1275	2114	1618	2910	9781	1803	2122	8766	716	1319	2277	945	8798	4533	2723	4446	753	3933	1245	2840	13997	7313
KY2019:KY.Chr4.71	3627	4280	8059	13888	7412	4639	8544	6957	1538	8547	10648	13015	1858	13434	15793	1559	1776	2161	2339	4405	12683	2417	2656	10256	1325	1986	4946	2303	11564	8084	4211	6590	1103	5452	1733	3714	20410	10475
KY2019:KY.Chr4.754	8187	9998	17930	29593	17523	11156	19184	17660	3709	20624	27228	30076	4573	32134	36183	3346	3710	5321	5722	10156	34157	6386	7241	24809	2433	4573	9785	4176	26206	17349	9188	14176	2628	10924	3867	8656	43625	23723
KY2019:KY.Chr4.757	5208	5885	10797	14413	8778	5987	10400	9039	2012	11065	14205	16420	2364	16086	18959	1788	2189	3130	3164	5719	14723	2506	4963	14279	3003	3565	9668	4802	21922	15173	5313	8528	1378	6355	2183	4816	24460	13375
KY2019:KY.Chr4.801	3714	4326	7483	12899	7541	5666	9053	7130	1695	8284	10823	14145	2044	13884	16465	1741	2262	3023	3180	5917	12884	2384	5121	14245	4252	4427	13064	6094	25960	17672	5174	8515	1378	6497	2123	4413	21996	12283
KY2019:KY.Chr4.813	3966	4265	6777	13727	7256	4643	8487	7647	1698	8853	10096	14260	2029	14262	16655	1827	1842	2394	2406	4637	11583	1591	3309	10279	1461	2024	5364	2274	11977	8905	4271	7187	1238	6239	1856	4120	22833	11392
KY2019:KY.Chr4.867	4885	5854	10388	13373	6946	3943	8086	6516	1245	8613	10461	11358	1629	12280	14404	1104	1348	2000	1777	3413	10323	1866	2295	9224	579	1324	2321	971	8537	4951	3069	4943	787	3649	1325	3098	13762	7410
KY2019:KY.Chr4.881	13995	16395	27803	54669	30060	18028	31354	28910	5400	39773	51544	48938	7360	52174	58616	5068	6339	9083	8044	13920	51612	10337	10950	40153	6058	7510	21152	10633	50710	30027	13695	21631	3616	22569	6389	11640	89667	44853
KY2019:KY.Chr4.915	4789	4766	7916	21732	12699	6745	13417	9567	2199	11337	14393	17384	2623	19491	24012	2465	2428	2726	3486	6358	15813	3068	3675	14590	1695	2948	6756	2299	14368	11131	6738	9973	1548	7256	2560	5569	30118	16022
KY2019:KY.Chr4.941	6802	8025	14226	27520	15615	9801	17057	14573	3374	17913	21862	25702	3755	28540	32216	3255	3672	4971	4755	8958	29247	5235	5739	21991	2734	4106	10120	4065	23697	17415	8681	13659	2078	11004	3404	7836	42327	22667
KY2019:KY.Chr4.948	5043	5864	10663	17762	10173	6152	11452	11175	2048	12274	16276	17201	2492	18524	20738	1831	2320	3451	2997	5389	18083	3264	3644	14426	2000	2628	7057	3044	17272	11968	5123	8448	1255	7955	2463	5042	28634	14569
KY2019:KY.Chr4.979	5521	5991	9521	24191	13977	8183	15207	12045	2584	10547	14417	23781	3833	25750	29255	3024	3251	3229	4440	8038	21067	3813	4658	18173	3087	4065	10920	4015	20541	16384	8478	12756	1957	9083	2992	6665	38695	19470
KY2019:KY.Chr5.1045	1649	1678	2736	6094	3483	2321	4021	3582	761	2234	3163	6240	844	6244	7201	961	1101	1119	1282	2663	5333	839	1404	4794	989	1352	3272	1153	5736	4590	2781	4264	659	2868	1018	2038	11608	6092
KY2019:KY.Chr5.106	2991	3531	6037	9252	4957	3172	5697	5063	1052	5231	6143	8813	1311	9160	10547	965	1102	1314	1599	2935	9201	1568	1841	7099	767	1389	2922	1170	7430	5061	2850	4404	664	3220	1225	2470	13397	6949
KY2019:KY.Chr5.1093	3506	4196	6748	10709	5619	3787	6895	6177	1192	4714	6153	13393	2465	13770	15123	1073	1165	1383	1773	3204	8520	1474	2104	7993	1062	1635	3906	1545	8692	5912	3152	4949	810	2950	1202	2498	12929	7144
KY2019:KY.Chr5.121	12470	13841	26810	49169	26095	15605	28231	25699	4990	37564	49136	45412	6497	47790	53946	4332	5634	8262	7238	12377	43979	7925	9302	36922	4461	6291	16227	7911	42955	27321	12708	19049	3147	20048	5952	11322	78071	37885
KY2019:KY.Chr5.145;KY2019:KY.Chr5.1125	5663	5921	12228	20357	11535	6903	12672	10695	2232	14775	21250	19338	2788	20214	23243	2133	2710	4003	3541	6442	17906	2911	4038	16101	1701	2764	6715	3068	17193	12252	6332	10015	1519	8505	2883	6322	29995	16054
KY2019:KY.Chr5.240	5780	6092	12301	18745	10638	6704	12189	10887	2296	13655	21715	19222	2658	19807	22544	2303	2461	4019	3479	6327	18943	2457	4108	15412	1330	3007	5766	2523	15695	11725	6519	9746	1534	7307	2783	6345	28827	15665
KY2019:KY.Chr5.29	2489	2914	4962	7756	4376	2805	5137	4531	1008	4293	5349	7904	1198	8362	9619	972	1073	1273	1486	2739	7551	1322	1739	6018	799	1327	2953	1065	6786	4669	2632	4164	658	2836	1035	2484	11999	6645
KY2019:KY.Chr5.326	5920	4398	9065	14884	8357	4761	9224	7391	1578	9869	13697	13913	2026	14056	16859	1565	1871	2924	2453	4376	12383	2092	2836	11004	1174	1996	4437	1939	11925	8224	4538	6962	1034	6177	1933	4218	21098	11026
KY2019:KY.Chr5.327	28595	30131	57827	108755	57436	36231	62939	57864	10630	80752	102577	102969	14777	106644	120617	10564	12565	17715	16778	28802	95659	18509	21431	80051	11038	14495	39780	17784	97895	59637	28019	42165	7205	43531	12088	23943	174050	85561
KY2019:KY.Chr5.385	1803	2337	4426	7619	3758	2530	4554	4255	875	5342	7887	7519	987	7384	8962	833	950	1433	1363	2389	6711	846	1391	5394	428	1112	1969	753	5517	4148	2477	3962	706	2749	1061	2250	11585	6283
KY2019:KY.Chr5.536	2383	2989	4610	8960	5313	3401	6110	5086	1133	8702	12299	9181	1409	9413	10562	1135	1336	1965	2014	3530	8403	1515	1981	7583	1358	1725	4933	2044	8988	7368	3278	5350	887	3689	1447	3082	15842	8840
KY2019:KY.Chr5.59	18307	16200	33172	49921	30127	18320	35088	29495	6328	41296	67098	54777	7724	54459	59399	6083	6996	12885	10003	18597	50648	7047	12060	44750	3718	8635	16356	7529	45743	35064	18249	28346	4540	20809	8598	19056	82185	45316
KY2019:KY.Chr5.617	31868	33718	63602	114304	62122	38790	67366	62074	11486	88712	114850	110552	16258	114142	128052	11056	12982	19380	18042	30664	103388	20352	23064	86774	11210	15488	41516	18750	106548	63178	29244	45026	7636	46236	13266	26242	185170	91276
KY2019:KY.Chr5.623	18356	22786	41564	74345	41335	26751	44654	40336	8543	51422	65533	69403	10565	74805	89163	8571	10221	12510	13483	23897	77266	13892	16178	57211	7303	10734	26971	10493	63043	41586	24436	36134	5898	29025	9434	19307	117940	62445
KY2019:KY.Chr5.63	10341	12539	19626	56093	30794	16515	32107	22036	5019	34649	43275	41237	6281	48748	58529	5524	6355	7967	8317	15040	45360	9001	9077	37700	5096	7025	19337	7661	38931	29474	15681	23331	3728	20671	6209	12655	78032	39786
KY2019:KY.Chr5.673	5036	5379	10929	16947	9500	6045	10866	9986	2068	12088	19148	17297	2406	17903	20046	2099	2177	3559	3103	5603	17272	2195	3688	13907	1210	2633	5182	2176	13722	10558	5843	8755	1373	6493	2452	5666	25332	13793
KY2019:KY.Chr5.686	3404	3861	7282	11867	7098	4100	8001	6543	1446	8944	12817	12229	1699	12426	13881	1282	1659	2591	2155	4146	10999	1810	2569	10145	1010	2036	3961	1872	11141	7875	3910	6199	945	5011	1785	3804	18234	10060
KY2019:KY.Chr5.698	6198	4248	7415	13305	7670	4813	8552	7133	1642	7861	10324	13091	1917	13570	16245	1699	1785	2495	2582	4710	13326	2387	2858	10611	1353	2339	4858	2013	11643	8232	4654	7033	1114	4981	1973	4101	20847	11329
KY2019:KY.Chr5.751	5149	5797	11081	18531	10534	6431	11733	10109	2139	12968	17016	18639	2771	19201	22003	1874	2181	3501	3108	5757	15810	2660	3775	14459	1472	2689	5996	2573	15831	10658	5536	9186	1458	7086	2536	5206	29191	15272
KY2019:KY.Chr5.938	12833	13791	26656	46914	25115	15847	28484	25620	4925	32046	41550	46872	6246	45641	51631	4798	5549	8001	7294	14318	41003	7035	9582	36116	4803	6850	17014	7695	43851	29694	13580	21426	3375	18858	5727	12461	72276	36363
KY2019:KY.Chr6.170	3068	3977	6174	10180	5910	3585	6854	6546	1260	5413	7126	10137	1523	10538	12438	1300	1525	1861	1964	3555	9342	1747	2108	8272	1115	1811	4121	1633	9552	6313	3444	5453	827	4115	1404	3022	16049	8701
KY2019:KY.Chr6.197	2478	3218	5199	9590	4973	3164	6077	5214	1066	6081	7666	8928	1285	8952	11013	1026	1185	1648	1640	2779	8114	1317	1854	7117	829	1330	3107	1283	7600	5430	2817	4581	759	3625	1311	2673	13718	7294
KY2019:KY.Chr6.222	1319	1494	2518	5218	2897	1971	3317	2736	602	3228	4115	4877	687	5424	5920	642	742	1032	921	1792	4783	844	997	4081	483	732	1686	677	4208	2991	1696	2655	429	2340	759	1529	8760	4705
KY2019:KY.Chr6.223	1848	2078	3859	6260	3563	1844	3880	3267	700	5713	7601	5635	835	5688	7037	624	592	1000	916	1786	3871	536	897	4278	161	720	968	293	3632	2448	1699	2519	397	1471	764	1623	8404	5087
KY2019:KY.Chr6.26;KY2019:KY.Chr6.31;KY2019:KY.Chr6.29;KY2019:KY.Chr6.30	7482	7175	14881	20932	9958	6391	12292	10855	2392	16371	22951	19870	3097	21712	22944	2090	2490	4749	3427	6681	20474	2693	4494	17430	1255	2540	5241	2464	16420	11544	6316	9435	1566	9306	3102	6571	29478	15768
KY2019:KY.Chr6.27	3764	4444	8239	12271	6849	3955	7657	6423	1387	8346	11256	11054	1633	11533	13473	1330	1576	2380	2081	3737	10535	1893	2241	9421	1078	1748	3726	1674	9999	6635	3622	5761	943	5124	1681	3336	17974	9302
KY2019:KY.Chr6.304	4687	5894	9652	13225	7463	4608	8558	7639	1575	7245	8887	13131	1950	13627	16319	1494	1550	2118	2305	4282	13521	2433	2765	10616	1396	2181	5053	2002	12031	8132	4196	6635	1019	4330	1683	3833	16963	9604
KY2019:KY.Chr6.342	4528	5277	9412	18026	8992	5341	10480	9063	1744	11875	14982	15820	2313	16243	18947	1703	2043	3087	2509	4657	15409	2611	3275	12803	1279	1878	4608	2074	12587	8482	4464	6950	1117	7093	2185	4372	23567	11692
KY2019:KY.Chr6.451	1454	1649	2926	4732	2801	1581	3054	2458	573	2970	4153	4475	679	4806	5742	668	735	1077	878	1896	3951	571	847	3559	316	680	1299	408	3398	2549	1621	2677	406	1951	726	1581	7671	4202
KY2019:KY.Chr6.467	3379	3928	7528	12092	6847	3989	7353	6177	1318	8837	10945	11005	1585	11582	13630	1120	1392	2103	2008	3320	11391	2025	2420	9250	975	1443	3700	1520	9639	6157	3381	5150	795	4755	1496	3193	17165	8961
KY2019:KY.Chr6.479	10374	10107	19510	34104	18116	11777	20796	17623	3632	22899	28927	33965	4715	34521	39478	3674	4011	5448	5570	10026	26976	4737	6792	24987	3058	4487	11851	5206	28663	20043	10128	15110	2509	14526	4279	9275	62841	30383
KY2019:KY.Chr6.534	4252	4961	8652	14472	8165	5332	9396	7664	1650	9582	12059	14381	1994	14617	17370	1586	1955	2666	2608	4870	13767	2506	3733	12102	2034	2525	6959	3260	15960	11046	4653	7223	1120	6211	1898	4304	23480	12060
KY2019:KY.Chr6.60	6903	6997	12397	23656	15850	11946	15764	15349	5586	12119	13995	22870	5558	25908	27585	2711	2760	3182	4438	10824	21318	5037	10684	31970	1465	3553	5746	3571	21142	10464	6852	9410	3161	7710	3869	5581	26918	14828
KY2019:KY.Chr6.625	3913	3791	7388	16350	10626	8541	9893	8325	4294	9244	11438	13313	3971	17446	17865	1591	2034	2065	2977	6989	10684	2640	6807	19760	785	2125	3131	2078	11900	5930	4311	5689	2033	5227	2605	3569	15526	8665
KY2019:KY.Chr6.627	6790	6607	12410	28027	18361	12652	18237	16223	5592	13343	16562	25931	5740	29177	31215	3252	3552	3750	5288	12099	27069	5553	10685	31186	2879	4793	10093	4977	25499	15694	8928	12517	3246	9655	4336	6893	36977	19363
KY2019:KY.Chr7.1173	3586	4572	7853	12493	7401	4813	9053	7963	1773	9208	10766	14138	2132	15953	14771	1486	1492	2435	2434	4099	27306	5634	3486	12544	834	1780	3481	1418	13121	7500	3823	6283	1021	5001	1743	3832	16054	9018
KY2019:KY.Chr7.1232	3859	3370	5643	10474	5855	3379	6628	6074	1179	6737	8931	10099	1466	10079	12415	1160	1242	1864	1821	3151	8052	1364	1923	7873	876	1541	3424	1576	8667	6205	3188	4807	777	3871	1353	3018	15992	8389
KY2019:KY.Chr7.358	3064	3538	6335	10101	5463	3278	6394	5326	1131	5841	7556	9449	1395	9722	11890	1027	1238	1734	1686	3083	8178	1410	1903	7653	968	1474	3768	1563	8502	6133	2940	4766	749	3651	1282	2968	13407	7163
KY2019:KY.Chr7.359	3555	3912	6982	11268	5894	3766	6857	5837	1289	6303	7582	10513	1477	11010	13036	1136	1255	1648	1709	3244	12065	2137	2142	8276	812	1489	2942	1083	8074	5168	3276	5054	826	3401	1247	2752	12661	7099
KY2019:KY.Chr7.414	30778	46551	75666	163275	84659	58175	84819	82775	16298	102874	130784	146891	21145	157897	177128	15086	16668	22713	22318	36528	131575	23355	29644	113426	15761	18218	59372	23467	118803	92262	40216	59756	10020	64283	16542	35795	263269	125827
KY2019:KY.Chr7.427	1318	1598	2601	6351	3888	1826	3553	2712	602	4502	5774	4786	707	5484	6993	647	895	1037	1168	2157	4199	819	1024	4201	419	784	1743	727	4024	3127	1866	3001	500	2512	784	1552	8207	4435
KY2019:KY.Chr7.440	5918	6563	12532	18845	10384	6394	12768	10645	2266	13516	20265	19267	2728	19124	21987	1953	2368	4206	3426	6337	15944	2389	3658	14839	1113	2568	5032	2288	14664	10736	5834	9320	1601	7452	2821	6041	28827	15746
KY2019:KY.Chr7.474	7769	9071	14504	35725	20037	10730	21145	15576	3452	21846	27064	28762	4131	31525	39185	3538	3884	5214	5426	9740	29089	5343	5980	24917	3427	4847	11963	4872	26197	19094	9827	14777	2336	13241	4053	8676	47840	24797
KY2019:KY.Chr7.484	193896	252965	466203	808333	453571	291578	448725	450740	89654	664338	834276	727047	116981	826458	958278	81251	92185	126267	126629	215907	727764	120162	164848	619037	60578	95541	242892	95599	609209	399786	221363	318965	55149	282520	89675	187998	1176219	608475
KY2019:KY.Chr7.532	1921	2190	4000	6722	3732	2322	4361	3801	795	4244	5560	6572	958	6518	7933	794	872	1334	1201	2216	6353	1208	1374	5330	750	1058	2426	1077	5968	4132	2045	3250	537	2856	872	1957	10993	5699
KY2019:KY.Chr7.659	3087	3645	5894	11754	7021	4014	7596	6512	1331	6324	8103	11440	1673	11547	14142	1490	1737	2003	2152	4109	10208	1923	2402	8914	1288	1976	4880	2028	10101	7611	4065	6382	1013	4549	1597	3430	19331	9918
KY2019:KY.Chr7.703	4523	5056	8872	18868	10574	6818	11690	10275	2241	10260	13003	18445	2676	19168	22032	2307	2496	3047	3597	6387	24145	4408	4280	14826	2101	2917	7461	2782	16937	11899	6407	9969	1517	7465	2565	5553	29362	15614
KY2019:KY.Chr7.704	6627	6435	7841	22702	14502	10576	14466	14173	4242	4814	6130	23258	4364	25832	28273	2847	2867	1722	4294	9906	18589	4135	8668	25922	2772	4076	9031	4289	21114	13552	7447	10522	2635	7059	3080	5602	32358	16445
KY2019:KY.Chr7.738	2228	2771	4280	7079	4080	2483	4641	3823	869	3697	4764	6853	1050	7283	8821	820	878	1025	1222	2333	7456	1360	1574	5625	777	1128	2605	911	6108	4149	2356	3370	552	2329	855	1935	8912	5029
KY2019:KY.Chr7.780	125017	163926	296281	507814	289232	190526	292601	291318	58437	415742	525887	469760	75093	531226	617953	53745	60931	82524	83505	146184	472302	78415	108508	394280	40726	65251	161962	62312	398096	262057	148494	215784	37543	181276	58930	123760	776506	404856
KY2019:KY.Chr7.829	5370	6249	10002	22887	13275	7862	14282	12169	2632	11545	14265	20595	3005	22815	26178	2801	2963	3474	4422	7767	24314	4427	4663	17349	2559	3721	9476	3412	19310	15036	7580	12001	1786	8810	2797	6423	35866	18617
KY2019:KY.Chr8.1018	4306	4428	8177	12484	8745	6944	8722	8142	3253	5973	6405	12143	3445	14822	14878	1359	1326	1479	2437	5549	10532	2406	5913	18056	1055	2103	4067	1995	11796	6490	3614	5414	2074	3396	1886	3096	12434	7132
KY2019:KY.Chr8.1169	3037	3484	6399	11263	6142	3777	6868	5740	1318	6665	8608	11015	1565	11071	13273	1186	1389	1977	1918	3430	8750	1426	2157	8413	1029	1589	3965	1516	8706	6907	3568	5816	917	4997	1510	3497	20446	10466
KY2019:KY.Chr8.1337	4398	4474	8467	12206	8625	6764	8578	8093	3257	5934	6177	11837	3381	14439	14345	1372	1336	1381	2367	5404	9984	2337	5797	17805	967	2075	3861	1918	11639	6287	3508	5290	2043	3358	1845	3023	11734	6736
KY2019:KY.Chr8.1390	1845	1944	3249	5433	3071	1709	3809	2782	657	3532	4942	5429	711	5459	6365	606	620	1063	938	1676	4345	704	873	3944	223	675	1130	381	3332	2612	1765	2511	407	1702	710	1674	6598	3694
KY2019:KY.Chr8.248	13811	18000	27770	47949	27026	16461	30533	39270	5599	28770	35829	46447	6352	47817	56161	4844	5735	8212	7843	13288	40293	7474	10095	38189	5965	7280	20626	9317	47330	29698	12866	20662	3302	18659	6072	11457	68640	35380
KY2019:KY.Chr8.251	5264	4704	8224	14673	8592	5366	9472	8088	1805	8949	12031	14451	2149	15478	17622	1833	2009	2773	2862	5139	15068	2768	3165	11747	1497	2465	5545	2312	13116	9030	5067	7875	1219	5696	2141	4481	23362	12743
KY2019:KY.Chr8.429	3210	3737	6222	10020	5861	3301	6490	5586	1188	7236	10229	9730	1389	9708	11310	1021	1233	2097	1707	3164	8985	1566	1872	7838	761	1395	3108	1351	8842	5898	2934	4882	731	4117	1386	3031	15253	7964
KY2019:KY.Chr8.475	2875	3287	5923	10991	6380	3877	7394	6314	1394	6011	8415	11162	1575	11191	13174	1381	1538	2145	2272	4025	10848	1643	2273	8959	1045	1927	4056	1561	9762	7238	3905	6100	886	4233	1634	3574	16707	9425
KY2019:KY.Chr8.539	5772	6235	11195	19128	10977	6667	12025	11107	2188	13103	18042	18632	2749	19294	22450	2098	2192	3547	3320	6074	15752	2582	3745	14635	1246	2351	5490	2670	14416	10757	5505	8851	1514	7083	2369	5613	29189	15327
KY2019:KY.Chr8.559	5986	5899	11411	16354	10992	8176	10642	10008	4123	10955	12356	15169	4001	18071	18757	1854	1883	2379	3000	6750	13994	3094	6898	20708	895	2262	3720	2150	13992	6855	4463	6931	2748	5384	2702	4047	18324	10096
KY2019:KY.Chr8.574;KY2019:KY.Chr9.22	9962	8823	18534	32565	17958	11556	21308	19569	3794	23329	32650	36911	5246	36514	38313	3127	3630	6283	5516	10086	26391	4433	6569	25922	2602	4506	11104	8785	29695	21728	9783	15468	2534	13114	4584	10305	54256	27087
KY2019:KY.Chr8.613	2520	2669	5842	7022	4444	3320	5257	4833	981	5311	7027	11575	2304	12445	12392	914	1113	1543	1622	3144	7431	1315	3179	7916	1776	1995	5790	2778	12738	8554	2612	4543	651	2977	1154	2556	11763	6522
KY2019:KY.Chr8.629	11488	13930	25614	42950	24570	15713	26675	25285	5210	30659	40201	42027	6435	46013	50913	4680	5258	7720	7852	13931	51105	9265	10012	35828	3677	6485	14481	6157	38108	24880	12780	19459	3451	15839	5492	11824	62382	33205
KY2019:KY.Chr8.660	12961	13156	21269	51220	28786	17650	30737	26001	5733	24173	29982	46284	6806	48973	58310	6056	6255	7083	8889	16044	45564	8806	10221	36961	6252	7788	22015	8919	43523	34503	16390	25121	3850	18749	6044	13789	80481	40644
KY2019:KY.Chr8.702	17806	19459	34952	77866	47894	31605	47186	39838	12910	44463	53619	69779	15801	84800	90447	8099	8730	10652	13104	27289	68646	14461	22250	76534	6259	10177	23725	10889	61906	39375	21676	32447	7381	26305	9995	18916	99972	52154
KY2019:KY.Chr8.896	6534	6596	13163	22316	15102	11242	15441	13639	5131	14059	18867	22638	5509	25227	26015	2484	2892	3906	4095	9410	19013	4052	9284	28227	1676	3849	6392	3793	22028	11740	6923	10012	2775	8289	3815	6262	29545	16119
KY2019:KY.Chr8.900	9270	11176	17390	47249	26315	14570	27669	19904	4424	26981	33681	36801	5438	42235	51107	5056	5685	6868	7410	13714	39288	7538	8134	32524	4861	6546	16950	6637	34405	26592	13972	21450	3237	17527	5456	11737	67276	34759
KY2019:KY.Chr8.901	23239	25734	44231	104563	62057	39932	62339	51517	15385	55103	66033	91987	18949	108596	118448	11096	11601	13212	17008	33958	90097	18440	27185	93876	9643	13778	35938	15615	81960	56523	29573	44671	9247	36222	12759	25302	141645	72754
KY2019:KY.Chr8.909	3814	4373	7154	12559	6769	3796	7602	6222	1265	7386	10254	11328	1742	11985	14226	1353	1873	2201	2215	4008	11548	2078	2232	9069	983	1694	3475	1492	9356	6478	3878	6034	882	5244	1680	3719	18460	9739
KY2019:KY.Chr8.969	4270	4410	8191	11945	8482	6842	8528	7945	3248	5913	6335	11740	3394	14343	14237	1370	1326	1455	2311	5420	10432	2404	5808	17801	1030	2041	4002	1961	11769	6236	3378	5279	2080	3354	1841	3041	11864	6822
KY2019:KY.Chr8.993	2149	2489	4610	7295	4118	2057	4477	3834	793	6429	8618	6554	974	6259	8036	698	677	1132	1016	1975	4323	640	991	4892	198	805	1095	308	4042	2630	1891	2870	451	1662	837	1834	9146	5650
KY2019:KY.Chr9.1034	4713	5017	9344	12626	8816	7027	8812	8552	3299	6498	6923	12175	3547	15068	15201	1409	1371	1485	2386	5581	10615	2398	5997	18311	957	2086	3862	1977	11972	6361	3583	5498	2078	3466	1871	3187	12253	6988
KY2019:KY.Chr9.115	7233	8471	16436	18468	10542	6586	11732	10722	2147	13374	17354	18047	2668	18567	21707	1951	2280	3275	3326	5445	17461	2829	3756	15217	1543	2652	5971	2401	15581	10422	5259	8195	1344	6084	2220	4967	25105	13645
KY2019:KY.Chr9.200	3783	4514	8243	13898	7481	4695	8928	7659	1632	8914	11909	14201	1956	13834	16604	1444	1567	2511	2381	4153	11936	2001	2628	11106	1109	1908	4549	2201	11652	8269	3939	5970	1091	5204	1715	3812	19106	10072
KY2019:KY.Chr9.235	8059	9634	16053	21965	11863	7494	14092	13023	2537	11773	14760	24151	3863	24329	28281	2120	2372	3051	3453	6169	19437	3471	4346	16923	1930	3214	7027	2838	17431	11343	6068	9466	1521	6125	2335	5333	24700	14030
KY2019:KY.Chr9.286	2471	2914	5331	9618	5408	3171	6032	5102	1061	6234	8700	9133	1317	9643	11320	991	1222	1726	1589	2830	7286	1203	1786	6956	662	1189	2765	1193	6875	5006	2698	4311	628	3508	1092	2590	13018	6889
KY2019:KY.Chr9.589	3312	4620	6574	9581	5406	3212	6152	5540	1264	5207	6141	9397	1367	9807	12142	1011	1219	1521	1762	3050	8883	1675	1948	7397	697	1441	2621	970	7379	4845	2754	5258	785	2989	1200	2630	12040	6744
KY2019:KY.Chr9.594	2658	3536	5458	7845	4510	2871	5116	4445	994	3630	4555	7777	1140	7950	9707	970	915	1119	1451	2726	6884	1166	1688	6066	809	1395	3203	1163	6674	5229	2670	4226	661	2427	905	2343	9973	5623
KY2019:KY.Chr9.672	3944	2836	5274	9047	4824	2800	5698	4868	946	6010	7596	8379	1204	8526	10307	981	1178	1725	1486	2738	7315	1343	1620	6634	676	1199	2507	1000	6852	4739	2638	4053	627	3460	1204	2533	12981	6846
KY2019:KY.Chr9.692	1952	2281	4015	6334	3587	1941	4189	3479	682	4089	5775	6104	894	5829	7317	680	652	1139	999	1798	4383	638	1054	4593	226	750	1228	445	3886	2883	1753	2583	466	1692	776	1693	6557	3865
KY2019:KY.Chr9.699	1599	1758	3211	6083	3526	2271	3947	3389	766	3721	4985	6274	884	6275	7437	715	875	1204	1257	2106	5784	1004	1299	4950	856	1185	2895	1154	6178	4588	2163	3206	469	2566	846	1925	9974	5153
