condition_handr_MekMut_vs_handr_dnFGFR	condition_handr_MekMut_vs_control	condition_handr_dnFGFR_vs_control	baseMean	stat	pvalue	padj
1	0.398320965223552	0.332510724179698	-0.065810241043854	6919.55717571555	27.3325782532872	1.16093002701903e-06	4.72375254512023e-05
2	-0.0817773655056921	-0.099672190281357	-0.0178948247756649	1998.98078449104	5.03289053573528	0.0807461280505301	0.380561548156788
3	-0.156639736156832	-0.154003520840884	0.0026362153159477	2635.20344103863	4.01980898549868	0.134001472169859	0.457073541499739
4	0.160724685430816	0.118215386878155	-0.0425092985526606	4860.53826202598	8.46812457729041	0.014493394448255	0.121382178504135
5	0.154210658676615	0.0744978762484898	-0.0797127824281249	1844.32913982153	4.7130602417493	0.0947484190284239	0.415566773196277
6	-0.315882381850616	-0.382856759822178	-0.0669743779715624	3423.94400234941	0.615879089044284	0.734959749008839	0.898296169093008
7	-0.0691036882465352	-0.0766702130143431	-0.0075665247678079	9064.96013605913	0.476442544398282	0.788028303045268	0.906386332947264
8	0.180479923763853	0.192467408940504	0.0119874851766503	38019.3504894373	5.09952041310385	0.0781003917181375	0.380561548156788
9	-0.565979778385831	-0.383319438714322	0.182660339671509	3792.62501921852	1.17006079153057	0.557088928410511	0.898296169093008
10	0.126176725537934	0.0623992981092229	-0.0637774274287107	3563.10242080201	4.52027698706488	0.104336033888219	0.428155199751136
11	0.136269288057973	0.0500681617344603	-0.0862011263235123	2419.2196517077	8.98742262359988	0.011179077681956	0.107431640278958
12	0.0342110935626251	0.0158402071639167	-0.0183708863987084	4410.02164807649	0.29752434781409	0.861774042883011	0.942675279561824
13	-0.303680267372669	-0.371137789730214	-0.0674575223575447	3463.19601521018	0.604614280147274	0.739111019411006	0.898296169093008
14	-0.0943236191876262	-0.108004960608621	-0.0136813414209946	1839.58342778339	1.2541963057227	0.534139545573695	0.898296169093008
15	-0.261673074989107	-0.26393271183436	-0.00225963684525258	5727.04342711999	4.13618287118629	0.126426845366239	0.451765260775359
16	0.115080513063397	0.0707239026350666	-0.0443566104283303	2178.25150558402	5.66975867707225	0.0587256113246202	0.366608980820803
17	-0.0406561722048388	-0.0536941909055528	-0.013038018700714	2681.97691385645	0.554600696689789	0.757826850885256	0.898661929368357
18	-0.109651482181822	-0.160098325703529	-0.050446843521707	3064.39692329001	4.57945130589766	0.1012942478204	0.428155199751136
19	0.155379001689094	0.214376341340314	0.0589973396512198	2061.39352160833	9.99601555619608	0.00675138386483621	0.0723748350310442
20	0.135118392975402	0.161954450133594	0.0268360571581923	252362.132061025	13.4412450120778	0.00120578737036028	0.0227657855818235
21	0.138534629256165	0.0824577864760185	-0.0560768427801466	19357.6854935809	1.38108133168964	0.501304957313968	0.898296169093008
22	-0.0400305351050371	0.142928730647853	0.182959265752891	2511.27189086097	1.14431652882141	0.56430620146329	0.898296169093008
23	-0.322268871068371	-0.416298307409226	-0.0940294363408556	3427.8160786985	0.753523375350568	0.686079555629233	0.898296169093008
24	0.0405173057606946	-0.00214266602278953	-0.0426599717834841	3707.8934521432	1.06493490304004	0.58715440578523	0.898296169093008
25	0.0879711716803187	0.0891422715056361	0.0011710998253174	6844.62489306616	1.18567339367203	0.55275705446635	0.898296169093008
26	-0.0331508650814945	-0.11622820506931	-0.0830773399878156	4668.09975098388	3.95889760910811	0.138145361423429	0.457073541499739
27	0.0175293739021433	0.0385018600161653	0.0209724861140219	2082.21872498674	0.422946908165102	0.809390766788024	0.910899130681076
28	0.0327665345549167	0.0227954936021907	-0.00997104095272603	2079.25957563894	0.385736047046692	0.824590793545763	0.916972334731388
29	0.181478779162458	0.195989380486761	0.0145106013243035	1969.5181996486	8.92107239680587	0.0115561652285828	0.107431640278958
30	0.0203755070933522	0.0966774859795705	0.0763019788862183	1352.48710152652	1.6291194954978	0.442834243224572	0.847711265601323
31	-0.161785114838262	-0.219005772077889	-0.0572206572396277	1843.20021071487	2.67557328986177	0.262425867874865	0.682816821266639
32	-0.291049768540359	-0.202478498382558	0.0885712701578018	4623.66121431484	0.428332926417795	0.807214002405004	0.910899130681076
33	0.0635841675268354	0.0765583688202453	0.0129742012934099	2574.7613418478	0.509804543791006	0.77499223278222	0.90303442776363
34	-0.180496277167244	-0.138559429355412	0.0419368478118317	1533.17300325428	3.53679647185325	0.170606040711391	0.537910810713564
35	-0.325344473199281	-0.0256081820084644	0.299736291190816	4451.11929795877	28.1917796226941	7.55497162261631e-07	4.04946478972234e-05
36	0.0570316375290866	0.0620697843262636	0.00503814679717697	3000.32199492461	2.32736656609163	0.312333646405808	0.725854232429424
37	1.22105732427207	0.65528289890758	-0.565774425364485	3984.13746369113	118.585974872596	1.77575375154491e-26	4.75902005414037e-24
38	0.00247843408018511	-0.0790252074823296	-0.0815036415625147	2813.8041673981	5.60982315936158	0.0605121214371343	0.366608980820803
39	0.0714994154818524	0.0256924912252304	-0.045806924256622	3112.83547099213	0.787146828864962	0.674641787314833	0.898296169093008
40	0.122836045107674	0.0817041208210019	-0.0411319242866722	1900.988990064	5.16792054711632	0.07547451166558	0.380561548156788
41	0.147360425079267	0.153514553205557	0.00615412812628997	87971.77433393	24.6876218033147	4.35663363166507e-06	0.00014594722666078
42	-0.153954283232624	-0.0956979467707414	0.0582563364618823	3042.70740185429	4.18414849407355	0.123430844040619	0.451765260775359
43	-0.14666679364073	-0.0888048899500566	0.0578619036906736	2613.4509359563	5.35128105371291	0.0688627058528277	0.380561548156788
44	0.0399368676011634	0.0434534616472233	0.00351659404605988	6340.1983100921	0.628443828080123	0.730356933716726	0.898296169093008
45	-0.0182213932061948	-0.11101227948451	-0.0927908862783156	16138.2554483949	1.32935586717014	0.514439184612826	0.898296169093008
46	0.127542623598334	0.147450861894863	0.0199082382965299	120927.682283238	11.2802389265863	0.00355244399421272	0.0470900089213628
47	-0.111777397446601	-0.0805333797612421	0.0312440176853594	9353.79175251793	0.264953082514779	0.875923481928698	0.950394709137211
48	0.147467584900632	0.0812475997960058	-0.0662199851046257	2678.90426339932	3.96034511640974	0.138045414386634	0.457073541499739
49	0.122589456604128	0.0449379496245628	-0.0776515069795654	2225.94093485586	7.65886223288953	0.0217219693867622	0.176408721080372
50	0.0968361831402602	0.194646209645775	0.0978100265055152	1811.00245773398	5.25352248807411	0.0723122852315566	0.380561548156788
51	-0.0249976964249249	0.0123718425986114	0.0373695390235363	1944.5271211603	0.644220250717439	0.724618387075991	0.898296169093008
52	-0.00601139903955039	-0.0118705799290364	-0.00585918088948597	3028.27720066469	0.0349752809497943	0.982664380855101	0.986344771794634
53	-0.294049820363653	-0.360916012581819	-0.0668661922181654	3470.07801182028	0.590061760151059	0.744508596629236	0.898296169093008
54	0.04734776477603	-0.000242339339037459	-0.0475901041150675	2790.71962657808	2.16404586673681	0.338909240912531	0.750641955078994
55	-0.167212418077861	-0.17503614940345	-0.00782373132558904	2070.50638615115	4.87346595244117	0.0874460736965613	0.404061168115145
56	0.0411353313316459	0.0508553618750069	0.00972003054336099	10261.5847932329	0.743331635086491	0.689584651115673	0.898296169093008
57	0.141239095615739	0.153076098886503	0.0118370032707642	37435.1258011719	3.33170014146745	0.189029900877673	0.573175817034495
58	0.072862399281581	0.0702308759794638	-0.00263152330211727	3764.29305996778	1.23542417420418	0.539176616633472	0.898296169093008
59	0.0301241607397557	0.0566688350963767	0.026544674356621	3082.24675478274	0.879248131135029	0.644278582065075	0.898296169093008
60	-0.126436124178379	-0.13656559653463	-0.0101294723562509	4963.1515829737	4.49920354274636	0.105441205908862	0.428155199751136
61	-0.0261901584647608	-0.046993056349393	-0.0208028978846322	3195.32159427019	0.725480460147878	0.695767149406757	0.898296169093008
62	0.352153612153302	0.286108859788603	-0.0660447523646994	13783.6705275128	7.23937577493797	0.0267910370062283	0.211176409343212
63	-0.151955287354919	-0.137075385103037	0.014879902251882	3689.10262783918	4.68392913483459	0.0961385818588402	0.415566773196277
64	0.187966533958895	0.0923070125670448	-0.0956595213918501	2933.23586608289	4.18467239409887	0.123398515563867	0.451765260775359
65	-0.0086875214139662	0.00259253505003278	0.011280056463999	3025.96498788546	0.0635964567080407	0.968702018962554	0.986344771794634
66	-0.083173578876538	-0.0193551947574166	0.0638183841191214	5252.98330921944	0.867649378371652	0.648025851467384	0.898296169093008
67	0.207134120422351	0.145144709535116	-0.0619894108872349	2456.97132322102	9.83225008411566	0.00732746954200085	0.0755293014329318
68	0.191988107249689	0.127373508401112	-0.0646145988485768	2339.90011162648	11.2048300998715	0.00368894396610868	0.0470900089213628
69	0.0621286855370901	0.0478762520432196	-0.0142524334938705	7259.87897788662	1.03052650745315	0.597343321062408	0.898296169093008
70	-0.379399377245227	-0.464951592473624	-0.0855522152283969	3228.10017629457	0.963041492948634	0.617843094302959	0.898296169093008
71	-0.0149431161091407	0.042150093099512	0.0570932092086527	5127.79499232269	1.25547438629835	0.533798317925474	0.898296169093008
72	-0.291271235138461	-0.364644573737585	-0.0733733385991233	3566.67874280247	0.606150172702428	0.73854363974137	0.898296169093008
73	-0.145419287703119	-0.0758728539538748	0.0695464337492439	3119.85624033981	3.0912832367749	0.21317505030218	0.608061956671935
74	0.225893350768663	0.117548727465748	-0.108344623302915	4941.84751335972	8.705523060536	0.0128712191956001	0.111273765949059
75	-0.679617652137662	-0.163578498494448	0.516039153643214	2717.6304287291	55.9659031809827	7.03329019534104e-13	9.424608861757e-11
76	-0.248455556064679	-0.25346615780608	-0.00501060174140165	4972.74376752433	0.534682342492374	0.765411890385681	0.899694678172642
77	-0.149266528921423	-0.149658059193479	-0.000391530272056156	2798.15780672542	1.96327143228285	0.374697698240359	0.796976056574731
78	0.0932557289534967	0.0912687442730909	-0.00198698468040582	3028.17532153007	1.28733481619051	0.525362169218107	0.898296169093008
79	0.0684781543004805	0.0238964447953768	-0.0445817095051037	2650.70380479996	2.09146688380866	0.351433968431228	0.759550834996525
80	-0.25100105376619	-0.354489755669915	-0.103488701903726	3445.60284272309	0.544905607227605	0.761509368817352	0.899050708559693
81	-0.00676671439882287	0.00534653000761148	0.0121132444064343	5389.47624859603	0.0675828241287206	0.966773140821014	0.986344771794634
82	0.225747091049766	0.200065605263613	-0.0256814857861534	14240.7506125503	5.86063926468967	0.0533799734520468	0.362399809808481
83	-0.150782287255462	-0.128088751544619	0.0226935357108427	5135.69909942061	0.573192768061205	0.750814708495648	0.898296169093008
84	0.246245471875242	0.178187868926206	-0.0680576029490356	6527.24871092524	5.05357908069277	0.0799151733210495	0.380561548156788
85	-0.310783398273148	-0.421512808805164	-0.110729410532017	3273.81282188456	0.736526230392911	0.691935099095899	0.898296169093008
86	0.0998130939123316	0.0982249218502215	-0.00158817206211016	16459.5868568097	0.992575769330074	0.608786355587049	0.898296169093008
87	-0.00187964842247165	-0.0230475599366002	-0.0211679115141285	5562.08051914542	0.114563601190099	0.944327919698024	0.975939013506835
88	-0.27454932321211	-0.331982409203718	-0.0574330859916084	7903.70230476101	0.559204420520416	0.756084444277862	0.898661929368357
89	-0.317510122032927	-0.376907863571146	-0.059397741538219	7667.71901654457	0.696907024375236	0.705778724370227	0.898296169093008
90	-0.0835136077967688	-0.0815371918045631	0.00197641599220569	3117.07637005652	0.90186507829452	0.637033815572878	0.898296169093008
91	-0.20761120227981	-0.286584159205182	-0.0789729569253724	3653.76733810115	0.407342337504701	0.815730564789023	0.910899130681076
92	0.00179182055994645	-0.0197214106066989	-0.0215132311666453	2345.69777334759	0.424618088632599	0.808714730252108	0.910899130681076
93	-0.0603743970580675	-0.0611055510256996	-0.00073115396763207	4825.9989103518	0.408665845349077	0.815190930460585	0.910899130681076
94	0.211739071723322	0.154636963460269	-0.057102108263053	15315.9213004133	5.57556787403075	0.061557478122896	0.366608980820803
95	0.00825952969438016	-0.0314544259017681	-0.0397139555961483	3529.82645208231	0.640885549924803	0.725827587631237	0.898296169093008
96	-0.15766242051979	-0.242361198301435	-0.0846987777816443	6758.32487922261	1.24782251334614	0.535844508181904	0.898296169093008
97	-0.0802349659951479	-0.0815986700091305	-0.00136370401398261	3394.27466343487	1.52778542689592	0.46584947435274	0.866997632823155
98	0.0141743175802268	0.018388282015441	0.00421396443521413	3382.24161519987	0.0443388862125857	0.9780744930294	0.986344771794634
99	0.187866444882566	0.122421782211228	-0.0654446626713385	5111.42647527389	11.9169604725217	0.00258383580959024	0.0384704442761214
100	-0.0365782283997762	-0.06716641260069	-0.0305881842009139	6281.29327730367	0.713688462982617	0.699881508743027	0.898296169093008
101	0.0299708819283577	0.079040829674933	0.0490699477465753	3366.63436589091	0.79399989241395	0.672334061799539	0.898296169093008
102	-0.116393324557273	-0.104564607505007	0.0118287170522664	14318.695422835	0.936261812869105	0.626171548407309	0.898296169093008
103	-0.0593491673660433	-0.0844641982775854	-0.0251150309115421	4504.40501178441	0.957974454617641	0.619410396179977	0.898296169093008
104	-0.0592586239374912	-0.0580134059164551	0.00124521802103605	8340.14889447465	0.171776502809564	0.917696776816026	0.968278488923996
105	-0.30378957139566	-0.380517235874008	-0.0767276644783476	3558.2059034257	0.639177838131388	0.726447604461772	0.898296169093008
106	-0.0018471024764117	-0.043866248365131	-0.0420191458887193	9332.00299890192	2.51788477151979	0.283954181733706	0.691815642769394
107	-0.0308575697553158	-0.0291391823563655	0.00171838739895035	7313.66663950851	0.491722928774834	0.782030556503617	0.903380125616247
108	-0.0995978493296243	-0.16967395417858	-0.0700761048489561	8440.08556384381	2.51885781148539	0.283816065950862	0.691815642769394
109	0.225578198701498	0.175557241718141	-0.0500209569833562	5181.48045784024	13.080540277858	0.00144409833914552	0.0227657855818235
110	0.0637217180460748	0.00766470128390178	-0.056057016762173	2515.72954831515	2.77952683132682	0.249134238918565	0.667679760301755
111	-0.0319800801198585	-0.0793834806091444	-0.047403400489286	3910.91731559368	2.29843822361491	0.316884123859114	0.725854232429424
112	-0.0904098576713084	-0.171955530165518	-0.0815456724942092	9392.94384602929	2.75755388840369	0.25188643590834	0.668371928944902
113	-0.277242721475089	-0.0858552897779398	0.191387431697149	5020.88414279487	4.3339423002553	0.114523968029229	0.446795219866264
114	0.181838701100581	0.10413756016594	-0.0777011409346413	3325.23837242033	4.76062768244486	0.0925215358814292	0.413262860270384
115	0.0679169952392881	0.0638503604411345	-0.00406663479815368	9444.25292316538	2.27938955568922	0.319916652566253	0.726590363455558
116	0.316115309082911	0.206252337050684	-0.109862972032228	8674.31792009122	13.8043885977655	0.00100557647105087	0.0207303457108948
117	0.0122918667425854	0.0494337183368874	0.037141851594302	3527.22507816833	1.02241241777205	0.599771692375979	0.898296169093008
118	-0.0159324994312017	-0.0243258191791418	-0.00839331974794004	2767.6903204104	0.104931171602203	0.94888697567902	0.975939013506835
119	-0.245092038189494	-0.237145720198713	0.00794631799078146	3957.18888500375	0.965466548191557	0.617094396485508	0.898296169093008
120	0.00956961485982498	-0.0196177797987667	-0.0291873946585917	5183.62097521095	0.657581965906815	0.71979345012606	0.898296169093008
121	-0.0139541330758578	-0.0670892935494644	-0.0531351604736065	2227.52908540038	4.0863905916207	0.129613893767956	0.457059520129107
122	0.0868036795164396	0.0972149064305599	0.0104112269141203	10960.4523650131	0.718802108843533	0.698094321387297	0.898296169093008
123	0.253093479056666	0.198683788042609	-0.054409691014057	3265.13038624583	3.40678304620533	0.182064998125798	0.560843902272572
124	-0.124830657134325	-0.08737448503175	0.0374561721025753	2785.49871360637	2.85334620954046	0.240106403788823	0.649985012276815
125	0.421689735460063	0.417017951259808	-0.0046717842002541	2432.89868613583	32.1950989665256	1.02075869323193e-07	6.83908324465391e-06
126	0.216642245055099	0.229831689351603	0.0131894442965037	2970.56972777104	11.2043179361214	0.00368988875876351	0.0470900089213628
127	-0.229248057572294	-0.295433919740792	-0.0661858621684973	3952.98464324513	0.587789540689613	0.74535492075798	0.898296169093008
128	-0.306400968683169	-0.408689503477106	-0.102288534793937	3413.63972616693	0.735386582796934	0.692329492538741	0.898296169093008
129	-0.0400810102587011	-0.0779269743112965	-0.0378459640525954	2952.67714625081	0.978221012463962	0.613171563970786	0.898296169093008
130	-0.0363423731891659	-0.0481395514884563	-0.0117971782992905	7624.56728770135	1.70300462554795	0.426773303120942	0.840994450267738
131	0.0464348584790037	0.0511855978975199	0.00475073941851628	17490.6890344579	0.120500578079003	0.941528849739473	0.975939013506835
132	0.00269177553045182	-0.0586689704562444	-0.0613607459866962	8704.94543443761	0.252523094929956	0.881384292806871	0.952463671259038
133	0.177932636279476	0.115493331595138	-0.062439304684338	2556.78188241399	5.6474902545626	0.059383128361251	0.366608980820803
134	0.070163315329326	0.0103955567376168	-0.0597677585917092	7401.15903294937	1.09465467283795	0.578493865577701	0.898296169093008
135	0.138174707977067	0.106782225002825	-0.0313924829742419	3747.97928345646	3.20383956829386	0.20150929207411	0.593455937097379
136	0.238612853371237	0.171038470859618	-0.0675743825116193	12033.2582096071	6.13884644575657	0.046447937240507	0.336433707579889
137	0.0160885315820071	0.0166021925200256	0.000513660938018408	1396.5185058833	0.0353557062616687	0.982477483429016	0.986344771794634
138	0.0896623563512871	0.050967131282554	-0.0386952250687331	3369.38118576395	2.31201225944335	0.314740707563932	0.725854232429424
139	-0.0423659581697942	-0.112659190975944	-0.0702932328061497	2324.85629469107	3.67227037592215	0.159432413246687	0.514793816266411
140	-0.23176107076346	-0.206715235450089	0.0250458353133712	6520.38547732951	0.304670640687988	0.858700292782148	0.942675279561824
141	-0.116447938591015	-0.232275806242642	-0.115827867651627	2514.58081961937	10.3982096382222	0.00552150495480853	0.0643375359951603
142	-0.114396703728515	-0.0654969990199555	0.0488997047085591	2780.30603330231	1.85236797440587	0.396062208773556	0.812120830983475
143	0.186038086485905	0.200027227584842	0.0139891410989373	37584.9352854577	5.36451379496691	0.0684085886290895	0.380561548156788
144	-0.173390150837214	-0.145790332616895	0.0275998182203195	9296.78061871247	0.49757619982006	0.779745183954649	0.903380125616247
145	0.413762583277352	0.361163240359762	-0.0525993429175901	23079.7414477721	8.8820870180038	0.0117836357718508	0.107431640278958
146	-0.275542182102935	-0.363420825934248	-0.0878786438313136	3433.43075552341	0.579653081913307	0.748393371918711	0.898296169093008
147	0.00518914288307911	0.134144944921193	0.128955802038114	5164.26586930799	2.1094957730125	0.34828022238224	0.758854468280003
148	-0.0331508650814945	-0.11622820506931	-0.0830773399878156	4668.09975098388	3.95889760910811	0.138145361423429	0.457073541499739
149	0.140924108655131	0.15632645221526	0.0154023435601293	132560.034750837	18.8911682150897	7.90378182873946e-05	0.00211821353010217
150	0.173255817240349	0.124637291462979	-0.0486185257773709	3846.1135875927	1.90009761325507	0.386722148390035	0.812120830983475
151	0.0565636318817425	0.0247298230821103	-0.0318338087996322	24701.7703211026	0.847799991347046	0.654489330400911	0.898296169093008
152	0.291881465785944	0.225988075125819	-0.065893390660125	12853.0456071887	10.482598011346	0.00529337624210488	0.0643375359951603
153	-0.439422091586086	-0.142667487019585	0.2967546045665	3590.64614413078	47.918688746509	3.93177764144491e-11	3.51238802635745e-09
154	-0.0703324609463986	-0.0714675529187629	-0.0011350919723643	7685.14411434169	0.229435676668459	0.891617688749295	0.955814162339244
155	-0.102199307118167	-0.111226631273776	-0.00902732415560875	9142.39837653132	0.595070149085274	0.742646534776418	0.898296169093008
156	0.0979671988141451	0.050080432496661	-0.0478867663174841	6911.9331647995	2.17117061830103	0.337704066756508	0.750641955078994
157	-0.125384682287912	-0.136561706717587	-0.0111770244296752	3433.60158132998	2.95175334812888	0.228578250557835	0.632341528580468
158	0.0124419682051345	-0.0385971157515167	-0.0510390839566512	4136.14565046212	0.756238329321064	0.68514885027089	0.898296169093008
159	-0.00994645034019199	0.0351695576763924	0.0451160080165844	3467.94841739427	0.955406444192278	0.620206233177549	0.898296169093008
160	-0.107047671423912	-0.0544712014363509	0.0525764699875613	3452.99486309503	1.76055061895434	0.414668733732884	0.823194226966022
161	-0.202525502581741	-0.221619235631685	-0.0190937330499436	3294.39332821146	0.841253651299837	0.656635095068496	0.898296169093008
162	-0.0897025646213093	-0.147821913212701	-0.0581193485913913	3172.09104713965	2.53040354643352	0.282182353554783	0.691815642769394
163	-0.209373432789794	-0.157606378317654	0.0517670544721406	3518.60478676799	6.57390614398702	0.0373675322971476	0.278180518212099
164	-0.0809170416245096	-0.0616757544976411	0.0192412871268685	1989.55515277412	0.953359483719566	0.620841326947193	0.898296169093008
165	-0.168599010955231	-0.112464043472905	0.056134967482326	2887.8558511746	5.06249493736618	0.0795597101088123	0.380561548156788
166	-0.128906536337034	-0.105176078881181	0.0237304574558532	1743.15492582246	1.87728753078531	0.391157977764905	0.812120830983475
167	0.158224336400538	0.104229878981194	-0.0539944574193437	11384.4800759866	6.01330148895232	0.0494570459617521	0.348802324151304
168	0.046193496717845	-0.000363332003169621	-0.0465568287210147	2422.12175708998	1.65783441358337	0.4365216932406	0.841638948118568
169	-0.0751056796125767	-0.043969923994064	0.0311357556185127	2119.10213028903	1.10402621338935	0.575789517143611	0.898296169093008
170	0.0574931395026657	0.0775222385298894	0.0200290990272237	4547.39655660443	3.497113155242	0.174024953762678	0.542310321027881
171	-0.668381501572609	-0.610568408927627	0.057813092644982	5684.44834003445	1.45907687932342	0.482131471507043	0.891111961130259
172	-0.379702860798947	-0.287796472240926	0.0919063885580216	5698.85176098759	0.984769134337625	0.611167285760511	0.898296169093008
173	0.0794404483198698	-0.0149906273221368	-0.0944310756420066	1162.80337152179	2.62435735305053	0.269232845665174	0.691815642769394
174	-0.226543078731326	-0.18628160657182	0.0402614721595056	3177.45523049803	13.1574266234832	0.00138963617355946	0.0227657855818235
175	-0.13362565889586	-0.0939830176182555	0.0396426412776048	2549.83989500329	1.66259867232182	0.435483079641945	0.841638948118568
176	0.0577038325454966	0.0299056842790405	-0.0277981482664562	3570.23485783472	0.793705770867859	0.67243294303701	0.898296169093008
177	-0.0129322246509685	0.00632328946521608	0.0192555141161846	7987.52798021903	0.14497126781842	0.930079108165212	0.975939013506835
178	-0.0349251968556586	-0.0190568699073634	0.0158683269482952	4517.08120604325	0.423864800743303	0.809019385127811	0.910899130681076
179	-0.180066302491992	-0.126047562481898	0.0540187400100939	4419.73212000427	5.83422951204281	0.0540895238520121	0.362399809808481
180	0.0881788018618783	0.0407480321792108	-0.0474307696826675	3889.02381696665	0.893907762876239	0.63957340380025	0.898296169093008
181	-0.139521455946947	-0.0954402539004931	0.0440812020464535	2674.98354947658	4.82137074077053	0.0897537589189698	0.407695040513287
182	0.217177642751674	0.20606477716565	-0.0111128655860233	12914.7850856264	4.52958425058051	0.103851620422592	0.428155199751136
183	0.193328659472469	0.121768739515548	-0.071559919956921	5213.51984301351	4.22127419451186	0.121160750657244	0.451765260775359
184	0.0626746074048651	0.0861373686581071	0.023462761253242	7370.74579485399	2.13237014741736	0.344319568822138	0.756374134789615
185	0.0258859636795131	-0.0167099206369671	-0.0425958843164802	4727.17599536791	0.467911025850441	0.791397022050969	0.906386332947264
186	0.206805171188277	0.172420113385866	-0.0343850578024116	6504.88192449009	3.09034139605515	0.213275462414783	0.608061956671935
187	0.144324020651596	0.104107811030736	-0.0402162096208605	2096.41219749216	3.15588079461256	0.206399762241465	0.601251481312094
188	0.106036675715785	0.0490771931014215	-0.0569594826143632	2312.80245168694	2.07297398317749	0.354698554818164	0.760473701530145
189	0.049047714178827	0.0521857575453352	0.0031380433665082	2450.49798927911	0.231217940807653	0.890823493551992	0.955814162339244
190	0.160258870883295	0.106799418861012	-0.0534594520222838	11528.0814708179	2.46595638084574	0.291423369701236	0.697334491785101
191	-0.0564491858321646	-0.111470388484801	-0.0550212026526364	5492.13330346872	2.53440633427951	0.281618160282022	0.691815642769394
192	-0.0432855010662058	-0.0740768243163598	-0.030791323250154	5372.18142088647	0.763283811640747	0.682739494475453	0.898296169093008
193	0.113315429556797	0.111277372843029	-0.00203805671376763	2178.00263644135	3.72099579935568	0.155595140308228	0.508530458568353
194	-0.0902059408429217	-0.123050544147619	-0.0328446033046977	3833.07861731051	1.80671603747774	0.40520668093949	0.814889633662361
195	0.171880266964253	0.197551548183837	0.0256712812195835	25642.0988895121	4.16502582977583	0.12461666732918	0.451765260775359
196	0.0740667931443575	0.00536594915632687	-0.0687008439880306	2076.64121996432	2.169156416367	0.338044340164783	0.750641955078994
197	0.032063407973764	0.0436220609043844	0.0115586529306204	2851.18982760396	0.341790583333335	0.842909828534314	0.929628946696281
198	-0.105109475689417	-0.154352416932609	-0.0492429412431921	15664.10694194	1.53585665298098	0.46397327449284	0.866997632823155
199	0.1578000547658	0.169191572912583	0.0113915181467827	27351.8101790536	4.03045265005619	0.133290233036191	0.457073541499739
200	0.105078145914942	0.135080517216338	0.0300023713013956	19921.2786357505	5.25965086840594	0.0720910457712707	0.380561548156788
201	0.124906280852882	0.0857638687708686	-0.0391424120820133	12859.4490540402	2.55485211471151	0.278753874331934	0.691815642769394
202	-0.054544142142316	-0.0856814706912102	-0.0311373285488942	4781.86093572696	0.969825230997088	0.615751001507688	0.898296169093008
203	-0.0683137471675514	-0.0943261400106711	-0.0260123928431197	3386.20196634579	1.25958445083702	0.532702471542319	0.898296169093008
204	0.017108049695335	0.0222326364181194	0.00512458672278441	3800.3319384189	0.1246562116782	0.939574556313144	0.975939013506835
205	0.104399486822376	0.0337358988577341	-0.0706635879646418	4867.81259344757	4.32507077271251	0.115033097652135	0.446795219866264
206	0.119092951124489	0.0684857462784063	-0.0506072048460831	11779.0201603519	3.02779125588205	0.220051068957968	0.620775647165636
207	0.00960515024607769	0.0561158883161088	0.0465107380700311	2905.91394111531	2.3666975894821	0.306251446232948	0.725854232429424
208	0.00901292212068421	-0.0555466886057088	-0.064559610726393	2462.64416139056	4.41236777316988	0.11012007841899	0.440480313675959
209	0.0630574444420177	0.0536243285245433	-0.00943311591747446	1497.31993683906	0.904279435196372	0.636265266059745	0.898296169093008
210	0.251336206174689	0.271952902873289	0.0206166966986007	1418.04864932088	3.61015874784974	0.164461402112095	0.524710187690968
211	-0.184029539762935	-0.268456491957385	-0.0844269521944499	5602.30224879313	5.36777774725275	0.0682970384928148	0.380561548156788
212	-0.0835599474477918	-0.100845363687491	-0.0172854162396993	3218.7979943091	2.47318374717551	0.290372158492371	0.697334491785101
213	-0.0278369435639393	-0.0554255510862333	-0.027588607522294	3356.41549887696	0.577724803891215	0.749115275115782	0.898296169093008
214	-0.0943480605343329	-0.121661677448448	-0.0273136169141148	4093.72178383278	1.16647226647802	0.558089389475054	0.898296169093008
215	-0.0744549174413575	0.0154007884633385	0.089855705904696	1447.69179650076	2.73029634145439	0.255342838850852	0.670900792274788
216	0.00189661795783646	-0.053874395622123	-0.0557710135799595	2927.25141132286	1.68831081668282	0.429920312024677	0.841011997245354
217	0.343229826790049	0.254085205480264	-0.0891446213097848	8889.70447005603	16.6215684362097	0.000245851166807226	0.00598982842766697
218	0.0644279036004449	0.0390759427133651	-0.0253519608870798	3972.55965536722	0.982052713044453	0.611997943651376	0.898296169093008
219	-0.298991519312852	-0.324800909360619	-0.0258093900477664	6304.11173516105	0.782658351485281	0.676157544740247	0.898296169093008
220	-0.516605379282529	-0.517141369289969	-0.000535990007440126	4048.04675796969	1.84413210483083	0.397696529825358	0.812120830983475
221	-0.117311988911979	-0.141107683344388	-0.0237956944324088	7584.80284028513	0.354700679944699	0.837486328184194	0.927464198154396
222	-0.253788712874792	-0.26960866618528	-0.015819953310488	3363.33383738843	16.42126104167	0.000271749323649857	0.00606906822818013
223	0.0824457496083752	0.056253956458343	-0.0261917931500321	2707.15383225683	2.94920327895824	0.22886988161308	0.632341528580468
224	-0.0552287750857164	-0.0993740771990459	-0.0441453021133296	2529.20597009194	5.02808614288196	0.0809403292721526	0.380561548156788
225	-0.0709933295977514	-0.078889416611322	-0.00789608701357059	2562.68107006221	2.31490960700643	0.31428508105967	0.725854232429424
226	0.357098966732396	0.268083444620344	-0.0890155221120526	35983.1670170841	8.84138027383571	0.0120259298819729	0.107431640278958
227	-0.192475765683506	-0.118270925506914	0.0742048401765915	1618.55097943477	5.11192667917808	0.0776174241029131	0.380561548156788
228	-0.0584884406884789	-0.101563007957679	-0.0430745672691999	5257.83112567713	1.16880151638739	0.557439802980871	0.898296169093008
229	0.0602747017782399	0.00538813232170213	-0.0548865694565378	8208.3093237145	1.79569954858073	0.407444816831181	0.814889633662361
230	0.134917345871045	0.160197660190694	0.0252803143196492	188316.528839436	13.292959346718	0.0012985855135886	0.0227657855818235
231	0.0402763261912531	0.0581084012038727	0.0178320750126195	1846.57740269365	0.926474859147049	0.629243213822756	0.898296169093008
232	0.114356965764907	0.128575353301907	0.0142183875369996	3333.40404165374	6.60829634244604	0.0367304865996018	0.278180518212099
233	0.077826634409139	0.0447225055059221	-0.0331041289032169	5206.59281493234	1.2755015898033	0.528479747618099	0.898296169093008
234	0.214102197316545	0.155797421962725	-0.0583047753538206	6017.97088828763	0.271109126184371	0.873231515416918	0.950394709137211
235	-0.0163063686190502	-0.0140585828960125	0.00224778572303762	1778.10271248774	0.0558787428097673	0.972447323129035	0.986344771794634
236	0.15651495370455	0.182243143549907	0.0257281898453571	124880.73641988	22.7884998945134	1.1260044904925e-05	0.000335299114946657
237	0.110420900577629	0.121618858337392	0.0111979577597623	6169.30043544468	1.56893152638	0.456363442822019	0.866997632823155
238	-0.31877899128586	-0.413443623423637	-0.0946646321377776	3303.98870799399	0.692457597320356	0.707350627714705	0.898296169093008
239	0.310186960941138	0.145983484949743	-0.164203475991395	3113.90319828731	27.2107975639041	1.23381596327767e-06	4.72375254512023e-05
240	-0.358885157516438	-0.45028478295425	-0.0913996254378117	3226.0315901685	0.81642442991452	0.664837775330719	0.898296169093008
241	-0.194349109433215	-0.194957534622503	-0.000608425189288388	1375.53381857225	3.20933529737121	0.200956331913952	0.593455937097379
242	-0.0174320000882578	-0.0120560328595149	0.00537596722874297	11635.7647520944	0.101643507741159	0.950448069124194	0.975939013506835
243	0.0313062564625496	0.0365696424919412	0.00526338602939163	4203.01563115136	0.5232603705972	0.769795652823804	0.900896222518688
244	-0.03796540614144	-0.0776567897185912	-0.0396913835771512	2667.23882747727	1.0905170214271	0.579691907399791	0.898296169093008
245	-0.0564390659588482	-0.035792510782097	0.0206465551767512	3201.58632833051	0.591048242862854	0.744141464749313	0.898296169093008
246	0.0686610948250928	0.0650492066728479	-0.00361188815224489	4962.83936680275	1.09490191668155	0.578422355474488	0.898296169093008
247	-0.299765369732921	-0.408448423192614	-0.108683053459693	4475.95932157073	0.837616999405157	0.65783015787738	0.898296169093008
248	0.147355223922901	0.00403932478979123	-0.14331589913311	8664.0448423621	10.3013733897797	0.00579542367229328	0.0647155643406083
249	-0.0935469398902777	-0.0484994843675241	0.0450474555227536	2282.81087601086	1.89405424247042	0.387892468335581	0.812120830983475
250	-0.0268874030276223	0.00511163830940179	0.031999041337024	11143.1230989453	1.0066406465132	0.604520121522808	0.898296169093008
251	0.220745566244931	0.188342579493164	-0.0324029867517661	13131.3659500299	5.74584727138944	0.0565334016594327	0.366608980820803
252	-0.0344024331209833	-0.0652154700463797	-0.0308130369253964	19002.7658075501	0.189620408445592	0.909545545991048	0.963471171247435
253	-0.199364997564762	-0.267578340689292	-0.0682133431245305	6309.82708145803	1.54269388288031	0.462389836644689	0.866997632823155
254	0.116522096252861	0.0888459707753445	-0.0276761254775164	11410.3562684544	2.52745603667344	0.282598527769459	0.691815642769394
255	0.0974970180685002	0.0325288253262474	-0.0649681927422527	25194.0603809795	0.700480835920729	0.704518690409624	0.898296169093008
256	-0.0477781572810124	-0.0351163044127922	0.0126618528682202	3346.64475489461	0.21400460104644	0.898523605913509	0.959379786393706
257	-0.347514870553567	-0.431562241041993	-0.0840473704884261	3232.1460971188	0.750710694115213	0.687045095955425	0.898296169093008
258	0.22981478079731	0.25262663279362	0.0228118519963105	1586.04014628316	3.31782676819864	0.190345700433097	0.573175817034495
259	-0.341252244486667	-0.42936885499484	-0.0881166105081731	3321.37670391973	0.799594421664381	0.670455993463808	0.898296169093008
260	-0.0572007064291379	0.0210158431054003	0.0782165495345382	4570.6539276699	2.9250271845045	0.231653260465939	0.633500753110935
261	-0.0621997802790318	-0.0774070124616033	-0.0152072321825715	3460.59861186722	1.41794846620931	0.492148768544924	0.898296169093008
262	-0.0295252901575104	-0.00948003736677343	0.020045252790737	4853.5278918364	0.192464151237658	0.908253208182625	0.963471171247435
263	-0.0680266521770307	-0.00746359174019301	0.0605630604368377	2349.43403931737	1.83258240237132	0.399999812275443	0.812120830983475
264	-0.0856909045304259	-0.0623587315107442	0.0233321730196817	2421.72919819286	0.870945848495694	0.646958632293538	0.898296169093008
265	0.0159843858840604	0.00742607876891528	-0.00855830711514509	2029.8755213751	0.0249332870584453	0.987610743153346	0.987610743153346
266	-0.0591303126691751	-0.0351817244048238	0.0239485882643513	2316.73580291028	0.779343808936545	0.67727905027886	0.898296169093008
267	-0.271617530924734	-0.220877170957018	0.0507403599677154	1449.64802790864	4.14296370560837	0.125998931427067	0.451765260775359
268	-0.0224481340910076	-0.0114856436699468	0.0109624904210608	1755.95324832132	0.137722070891044	0.933456388416703	0.975939013506835
